STATE_NAME,HOUSE_OF_PARLIAMENT,TENURE,Sno,MP_NAME,HOUSE_NAME,CONSTITUENCY,ALLOCATED_AMT,TENURE_START_DATE,TENURE_END_DATE,Total_Amt,allocated_amount,state,constituency,mp_name,work_id,work_recommendation_dtl_id
Maharashtra,2,18th Lok Sabha,1.0,AASHTIKAR PATIL NAGESH BAPURAO,Lok Sabha,HINGOLI,190289442.0,"Jun 4, 2024 12:00:00 AM","Jun 3, 2029 11:59:59 PM",,190362263.08,Maharashtra,HINGOLI,AASHTIKAR PATIL NAGESH BAPURAO,,
Jammu And Kashmir,2,18th Lok Sabha,2.0,ABDUL RASHID SHEIKH,Lok Sabha,BARAMULLAH,154773472.11,"Jun 4, 2024 12:00:00 AM","Jun 3, 2029 11:59:59 PM",,154832701.73,Jammu And Kashmir,BARAMULLAH,ABDUL RASHID SHEIKH,,
Bihar,2,18th Lok Sabha,3.0,ABHAY KUMAR SINHA,Lok Sabha,AURANGABAD_BR,147000000.0,"Jun 4, 2024 12:00:00 AM","Jun 3, 2029 11:59:59 PM",,147056254.82,Bihar,AURANGABAD_BR,ABHAY KUMAR SINHA,,
West Bengal,2,18th Lok Sabha,4.0,ABHIJIT GANGOPADHYAY,Lok Sabha,TAMLUK,147000000.0,"Jun 4, 2024 12:00:00 AM","Jun 3, 2029 11:59:59 PM",,147056254.82,West Bengal,TAMLUK,ABHIJIT GANGOPADHYAY,,
West Bengal,2,18th Lok Sabha,5.0,Abu Taher Khan,Lok Sabha,MURSHIDABAD,147000000.0,"Jun 4, 2024 12:00:00 AM","Jun 3, 2029 11:59:59 PM",,147056254.82,West Bengal,MURSHIDABAD,Abu Taher Khan,,
West Bengal,2,18th Lok Sabha,6.0,ADHIKARI SOUMENDU,Lok Sabha,KANTHI,147000000.0,"Jun 4, 2024 12:00:00 AM","Jun 3, 2029 11:59:59 PM",,147056254.82,West Bengal,KANTHI,ADHIKARI SOUMENDU,,
Uttar Pradesh,2,18th Lok Sabha,7.0,ADITYA YADAV,Lok Sabha,BADAUN,147000000.0,"Jun 4, 2024 12:00:00 AM","Jun 3, 2029 11:59:59 PM",,147056254.82,Uttar Pradesh,BADAUN,ADITYA YADAV,,
Kerala,2,18th Lok Sabha,8.0,Adv Adoor Prakash ,Lok Sabha,ATTINGAL,151320377.11,"Jun 4, 2024 12:00:00 AM","Jun 3, 2029 11:59:59 PM",,151378285.28,Kerala,ATTINGAL,Adv Adoor Prakash ,,
Kerala,2,18th Lok Sabha,9.0,Adv Dean Kuriakose,Lok Sabha,IDUKKI,147000000.0,"Jun 4, 2024 12:00:00 AM","Jun 3, 2029 11:59:59 PM",,147056254.82,Kerala,IDUKKI,Adv Dean Kuriakose,,
Maharashtra,2,18th Lok Sabha,10.0,ADV GOWAAL KAGADA PADAVI,Lok Sabha,NANDURBAR(ST),147816309.11,"Jun 4, 2024 12:00:00 AM","Jun 3, 2029 11:59:59 PM",,147872876.32,Maharashtra,NANDURBAR(ST),ADV GOWAAL KAGADA PADAVI,,
Kerala,2,18th Lok Sabha,11.0,ADV K FRANCIS GEORGE,Lok Sabha,KOTTAYAM,188722256.11,"Jun 4, 2024 12:00:00 AM","Jun 3, 2029 11:59:59 PM",,188794477.45,Kerala,KOTTAYAM,ADV K FRANCIS GEORGE,,
Uttar Pradesh,2,18th Lok Sabha,12.0,AFZAL ANSARI,Lok Sabha,GHAZIPUR,220500000.0,"Jun 4, 2024 12:00:00 AM","Jun 3, 2029 11:59:59 PM",,220584382.23,Uttar Pradesh,GHAZIPUR,AFZAL ANSARI,,
Jammu And Kashmir,2,18th Lok Sabha,13.0,AGA SYED RUHULLAH MEHDI,Lok Sabha,SRINAGAR,147000000.0,"Jun 4, 2024 12:00:00 AM","Jun 3, 2029 11:59:59 PM",,147056254.82,Jammu And Kashmir,SRINAGAR,AGA SYED RUHULLAH MEHDI,,
Uttarakhand,2,18th Lok Sabha,14.0,Ajay Bhatt,Lok Sabha,NAINITAL UDHAM SINGH NAG.,147000000.0,"Jun 4, 2024 12:00:00 AM","Jun 3, 2029 11:59:59 PM",,147056254.82,Uttarakhand,NAINITAL UDHAM SINGH NAG.,Ajay Bhatt,,
Bihar,2,18th Lok Sabha,15.0,Ajay Kumar Mandal,Lok Sabha,BHAGALPUR,147000000.0,"Jun 4, 2024 12:00:00 AM","Jun 3, 2029 11:59:59 PM",,147056254.82,Bihar,BHAGALPUR,Ajay Kumar Mandal,,
Uttarakhand,2,18th Lok Sabha,16.0,Ajay Tamta,Lok Sabha,ALMORA(SC),147000000.0,"Jun 4, 2024 12:00:00 AM","Jun 3, 2029 11:59:59 PM",,147056254.82,Uttarakhand,ALMORA(SC),Ajay Tamta,,
Uttar Pradesh,2,18th Lok Sabha,17.0,AJENDRA SINGH LODHI,Lok Sabha,HAMIRPUR_UP,147000000.0,"Jun 4, 2024 12:00:00 AM","Jun 4, 2029 11:59:59 PM",,147056254.82,Uttar Pradesh,HAMIRPUR_UP,AJENDRA SINGH LODHI,,
Uttar Pradesh,2,18th Lok Sabha,18.0,AKHILESH YADAV,Lok Sabha,KANNAUJ,147000000.0,"Jun 4, 2024 12:00:00 AM","Jun 3, 2029 11:59:59 PM",,147056254.82,Uttar Pradesh,KANNAUJ,AKHILESH YADAV,,
Uttar Pradesh,2,18th Lok Sabha,19.0,AKSHAYA YADAV,Lok Sabha,FIROZABAD,147000000.0,"Jun 4, 2024 12:00:00 AM","Jun 3, 2029 11:59:59 PM",,147056254.82,Uttar Pradesh,FIROZABAD,AKSHAYA YADAV,,
Manipur,2,18th Lok Sabha,20.0,ALFRED KANNGAM S ARTHUR,Lok Sabha,OUTER MANIPUR(ST),147000000.0,"Jun 4, 2024 12:00:00 AM","Jun 3, 2029 11:59:59 PM",,147056254.82,Manipur,OUTER MANIPUR(ST),ALFRED KANNGAM S ARTHUR,,
Bihar,2,18th Lok Sabha,21.0,Alok Kumar Suman,Lok Sabha,GOPALGANJ (SC),147000000.0,"Jun 4, 2024 12:00:00 AM","Jun 3, 2029 11:59:59 PM",,147056254.82,Bihar,GOPALGANJ (SC),Alok Kumar Suman,,
Madhya Pradesh,2,18th Lok Sabha,22.0,ALOK SHARMA,Lok Sabha,BHOPAL,147000000.0,"Jun 4, 2024 12:00:00 AM","Jun 3, 2029 11:59:59 PM",,147056254.82,Madhya Pradesh,BHOPAL,ALOK SHARMA,,
Maharashtra,2,18th Lok Sabha,23.0,AMAR SHARADRAO KALE,Lok Sabha,WARDHA,147000000.0,"Jun 4, 2024 12:00:00 AM","Jun 3, 2029 11:59:59 PM",,147056254.82,Maharashtra,WARDHA,AMAR SHARADRAO KALE,,
Assam,2,18th Lok Sabha,24.0,AMARSING TISSO,Lok Sabha,Diphu (ST),147000000.0,"Jun 4, 2024 12:00:00 AM","Jun 3, 2029 11:59:59 PM",,147056254.82,Assam,Diphu (ST),AMARSING TISSO,,
Andhra Pradesh,2,18th Lok Sabha,25.0,AMBICA G LAKSHMINARAYANA VALMIKI,Lok Sabha,ANANTAPUR,201899064.11,"Jun 4, 2024 12:00:00 AM","Jun 3, 2029 11:59:59 PM",,201976328.03,Andhra Pradesh,ANANTAPUR,AMBICA G LAKSHMINARAYANA VALMIKI,,
Maharashtra,2,18th Lok Sabha,26.0,Amol Ramsing Kolhe,Lok Sabha,SHIRUR,147000000.0,"Jun 4, 2024 12:00:00 AM","Jun 3, 2029 11:59:59 PM",,147056254.82,Maharashtra,SHIRUR,Amol Ramsing Kolhe,,
Rajasthan,2,18th Lok Sabha,27.0,AMRARAM,Lok Sabha,SIKAR,165691544.11,"Jun 4, 2024 12:00:00 AM","Jun 3, 2029 11:59:59 PM",,165754951.92,Rajasthan,SIKAR,AMRARAM,,
Punjab,2,18th Lok Sabha,28.0,AMRINDER SINGH RAJA WARRING,Lok Sabha,LUDHIANA,147000000.0,"Jun 4, 2024 12:00:00 AM","Jun 3, 2029 11:59:59 PM",,147056254.82,Punjab,LUDHIANA,AMRINDER SINGH RAJA WARRING,,
Uttar Pradesh,2,18th Lok Sabha,29.0,ANAND BHADAURIYA,Lok Sabha,DHAURAHRA,147000000.0,"Jun 4, 2024 12:00:00 AM","Jun 3, 2029 11:59:59 PM",,147056254.82,Uttar Pradesh,DHAURAHRA,ANAND BHADAURIYA,,
Uttar Pradesh,2,18th Lok Sabha,30.0,ANAND KUMAR,Lok Sabha,BAHRAICH(SC),147000000.0,"Jun 4, 2024 12:00:00 AM","Jun 4, 2029 11:59:59 PM",,147056254.82,Uttar Pradesh,BAHRAICH(SC),ANAND KUMAR,,
Odisha,2,18th Lok Sabha,31.0,ANANTA NAYAK,Lok Sabha,KEONJHAR(ST),147000000.0,"Jun 4, 2024 12:00:00 AM","Jun 3, 2029 11:59:59 PM",,147056254.82,Odisha,KEONJHAR(ST),ANANTA NAYAK,,
Tamil Nadu,2,18th Lok Sabha,32.0,Andimuthu Raja,Lok Sabha,NILGIRIS(SC),147000000.0,"Jun 4, 2024 12:00:00 AM","Jun 3, 2029 11:59:59 PM",,147056254.82,Tamil Nadu,NILGIRIS(SC),Andimuthu Raja,,
Meghalaya,2,18th Lok Sabha,33.0,ANDREW J. SYNGKON,Lok Sabha,SHILLONG,98000000.0,"Jun 4, 2024 12:00:00 AM","Jun 3, 2029 11:59:59 PM",,98037503.21,Meghalaya,SHILLONG,ANDREW J. SYNGKON,,
Manipur,2,18th Lok Sabha,34.0,ANGOMCHA BIMOL AKOIJAM,Lok Sabha,INNER MANIPUR,147000000.0,"Jun 4, 2024 12:00:00 AM","Jun 3, 2029 11:59:59 PM",,147056254.82,Manipur,INNER MANIPUR,ANGOMCHA BIMOL AKOIJAM,,
Uttarakhand,2,18th Lok Sabha,35.0,ANIL BALUNI,Lok Sabha,GARHWAL,147000000.0,"Jun 4, 2024 12:00:00 AM","Jun 3, 2029 11:59:59 PM",,147056254.82,Uttarakhand,GARHWAL,ANIL BALUNI,,
Maharashtra,2,18th Lok Sabha,36.0,ANIL YESHWANT DESAI,Lok Sabha,MUMBAI SOUTH CENTRAL,147000000.0,"Jun 4, 2024 12:00:00 AM","Jun 3, 2029 11:59:59 PM",,147056254.82,Maharashtra,MUMBAI SOUTH CENTRAL,ANIL YESHWANT DESAI,,
Madhya Pradesh,2,18th Lok Sabha,37.0,ANITA NAGARSINGH CHOUHAN,Lok Sabha,RATLAM(ST),147000000.0,"Jun 4, 2024 12:00:00 AM","Jun 3, 2029 11:59:59 PM",,147056254.82,Madhya Pradesh,RATLAM(ST),ANITA NAGARSINGH CHOUHAN,,
Odisha,2,18th Lok Sabha,38.0,ANITA SUBHADARSHINI,Lok Sabha,ASKA,147000000.0,"Jun 4, 2024 12:00:00 AM","Jun 3, 2029 12:00:00 AM",,147056254.82,Odisha,ASKA,ANITA SUBHADARSHINI,,
Jharkhand,2,18th Lok Sabha,39.0,Annpurna Devi ,Lok Sabha,KODARMA,166665931.8,"Jun 4, 2024 12:00:00 AM","Jun 3, 2029 11:59:59 PM",,166729712.49,Jharkhand,KODARMA,Annpurna Devi ,,
Uttar Pradesh,2,18th Lok Sabha,40.0,ANOOP PRADHAN BALMIKI,Lok Sabha,HATHRAS (SC),147000000.0,"Jun 4, 2024 12:00:00 AM","Jun 3, 2029 11:59:59 PM",,147056254.82,Uttar Pradesh,HATHRAS (SC),ANOOP PRADHAN BALMIKI,,
Kerala,2,18th Lok Sabha,41.0,Anto Antony,Lok Sabha,PATHANAMTHITTA,147000000.0,"Jun 4, 2024 12:00:00 AM","Jun 3, 2029 11:59:59 PM",,147056254.82,Kerala,PATHANAMTHITTA,Anto Antony,,
Maharashtra,2,18th Lok Sabha,42.0,ANUP SANJAY DHOTRE,Lok Sabha,AKOLA,147000000.0,"Jun 4, 2024 12:00:00 AM","Jun 3, 2029 11:59:59 PM",,147056254.82,Maharashtra,AKOLA,ANUP SANJAY DHOTRE,,
Uttar Pradesh,2,18th Lok Sabha,43.0,Anurag Sharma ,Lok Sabha,JHANSI,147000000.0,"Jun 4, 2024 12:00:00 AM","Jun 3, 2029 11:59:59 PM",,147056254.82,Uttar Pradesh,JHANSI,Anurag Sharma ,,
Himachal Pradesh,2,18th Lok Sabha,44.0,Anurag Singh Thakur,Lok Sabha,HAMIRPUR_HP,149570117.11,"Jun 4, 2024 12:00:00 AM","Jun 3, 2029 11:59:59 PM",,149627355.48,Himachal Pradesh,HAMIRPUR_HP,Anurag Singh Thakur,,
Andhra Pradesh,2,18th Lok Sabha,45.0,Appalanaidu Kalisetti,Lok Sabha,VIZIANAGARAM,147000000.0,"Jun 4, 2024 12:00:00 AM","Jun 3, 2029 11:59:59 PM",,147056254.82,Andhra Pradesh,VIZIANAGARAM,Appalanaidu Kalisetti,,
Bihar,2,18th Lok Sabha,46.0,ARUN BHARTI,Lok Sabha,JAMUI(SC),194924621.11,"Jun 4, 2024 12:00:00 AM","Jun 3, 2029 11:59:59 PM",,194999216.0,Bihar,JAMUI(SC),ARUN BHARTI,,
Uttar Pradesh,2,18th Lok Sabha,47.0,ARUN GOVIL,Lok Sabha,MEERUT,147000000.0,"Jun 4, 2024 12:00:00 AM","Jun 3, 2029 11:59:59 PM",,147056254.82,Uttar Pradesh,MEERUT,ARUN GOVIL,,
Tamil Nadu,2,18th Lok Sabha,48.0,ARUN NEHRU,Lok Sabha,PERAMBALUR,147000000.0,"Jun 4, 2024 12:00:00 AM","Jun 3, 2029 11:59:59 PM",,147056254.82,Tamil Nadu,PERAMBALUR,ARUN NEHRU,,
Telangana,2,18th Lok Sabha,49.0,ARUNA. D. K,Lok Sabha,MAHABUBNAGAR,147000000.0,"Jun 4, 2024 12:00:00 AM","Jun 3, 2029 11:59:59 PM",,147056254.82,Telangana,MAHABUBNAGAR,ARUNA. D. K,,
West Bengal,2,18th Lok Sabha,50.0,ARUP CHAKRABORTY,Lok Sabha,BANKURA,147000000.0,"Jun 4, 2024 12:00:00 AM","Jun 3, 2029 11:59:59 PM",,147056254.82,West Bengal,BANKURA,ARUP CHAKRABORTY,,
Telangana,2,18th Lok Sabha,51.0,Arvind Dharmapuri,Lok Sabha,NIZAMABAD,281396355.11,"Jun 4, 2024 12:00:00 AM","Jun 3, 2029 11:59:59 PM",,281504041.51,Telangana,NIZAMABAD,Arvind Dharmapuri,,
Maharashtra,2,18th Lok Sabha,52.0,Arvind Ganpat Sawant,Lok Sabha,MUMBAI SOUTH,147000000.0,"Jun 4, 2024 12:00:00 AM","Jun 3, 2029 11:59:59 PM",,147056254.82,Maharashtra,MUMBAI SOUTH,Arvind Ganpat Sawant,,
Telangana,2,18th Lok Sabha,53.0,Asaduddin Owaisi,Lok Sabha,HYDERABAD,147000000.0,"Jun 4, 2024 12:00:00 AM","Jun 3, 2029 11:59:59 PM",,147056254.82,Telangana,HYDERABAD,Asaduddin Owaisi,,
Madhya Pradesh,2,18th Lok Sabha,54.0,ASHISH DUBEY,Lok Sabha,JABALPUR,147000000.0,"Jun 4, 2024 12:00:00 AM","Jun 3, 2029 11:59:59 PM",,147056254.82,Madhya Pradesh,JABALPUR,ASHISH DUBEY,,
Uttar Pradesh,2,18th Lok Sabha,55.0,Ashok Kumar Rawat,Lok Sabha,MISRIKH(SC),147000000.0,"Jun 4, 2024 12:00:00 AM","Jun 3, 2029 11:59:59 PM",,147056254.82,Uttar Pradesh,MISRIKH(SC),Ashok Kumar Rawat,,
Bihar,2,18th Lok Sabha,56.0,Ashok Kumar Yadav ,Lok Sabha,MADHUBANI,147000000.0,"Jun 4, 2024 12:00:00 AM","Jun 3, 2029 11:59:59 PM",,147056254.82,Bihar,MADHUBANI,Ashok Kumar Yadav ,,
West Bengal,2,18th Lok Sabha,57.0,Asit Kumar Mal ,Lok Sabha,BOLPUR(SC),275694456.74,"Jun 4, 2024 12:00:00 AM","Jun 3, 2029 11:59:59 PM",,275799961.11,West Bengal,BOLPUR(SC),Asit Kumar Mal ,,
Uttar Pradesh,2,18th Lok Sabha,58.0,ATUL GARG,Lok Sabha,GHAZIABAD,155336470.0,"Jun 4, 2024 12:00:00 AM","Jun 3, 2029 11:59:59 PM",,155395915.07,Uttar Pradesh,GHAZIABAD,ATUL GARG,,
Odisha,2,18th Lok Sabha,59.0,AVIMANYU SETHI,Lok Sabha,BHADRAK(SC),147000000.0,"Jun 4, 2024 12:00:00 AM","Jun 3, 2029 11:59:59 PM",,147056254.82,Odisha,BHADRAK(SC),AVIMANYU SETHI,,
Uttar Pradesh,2,18th Lok Sabha,60.0,AWADHESH PRASAD,Lok Sabha,FAIZABAD,147000000.0,"Jun 4, 2024 12:00:00 AM","Jun 3, 2029 11:59:59 PM",,147056254.82,Uttar Pradesh,FAIZABAD,AWADHESH PRASAD,,
West Bengal,2,18th Lok Sabha,61.0,AZAD KIRTI JHA,Lok Sabha,BARDHAMAN-DURGAPUR,179658399.98,"Jun 4, 2024 12:00:00 AM","Jun 3, 2029 11:59:59 PM",,179727152.71,West Bengal,BARDHAMAN-DURGAPUR,AZAD KIRTI JHA,,
Andhra Pradesh,2,18th Lok Sabha,62.0,B K PARTHASARATHI,Lok Sabha,HINDUPUR,160491894.11,"Jun 4, 2024 12:00:00 AM","Jun 3, 2029 11:59:59 PM",,160553312.09,Andhra Pradesh,HINDUPUR,B K PARTHASARATHI,,
Uttar Pradesh,2,18th Lok Sabha,63.0,BABU SINGH KUSHWAHA,Lok Sabha,JAUNPUR,147000000.0,"Jun 4, 2024 12:00:00 AM","Jun 3, 2029 11:59:59 PM",,147056254.82,Uttar Pradesh,JAUNPUR,BABU SINGH KUSHWAHA,,
Maharashtra,2,18th Lok Sabha,64.0,BACHHAV SHOBHA DINESH,Lok Sabha,DHULE,147000000.0,"Jun 4, 2024 12:00:00 AM","Jun 3, 2029 11:59:59 PM",,147056254.82,Maharashtra,DHULE,BACHHAV SHOBHA DINESH,,
West Bengal,2,18th Lok Sabha,65.0,BAG MITALI,Lok Sabha,ARAMBAG(SC),147000000.0,"Jun 4, 2024 12:00:00 AM","Jun 3, 2029 11:59:59 PM",,147056254.82,West Bengal,ARAMBAG(SC),BAG MITALI,,
Odisha,2,18th Lok Sabha,66.0,BAIJAYANT PANDA,Lok Sabha,KENDRAPARA,147000000.0,"Jun 4, 2024 12:00:00 AM","Jun 3, 2029 11:59:59 PM",,147056254.82,Odisha,KENDRAPARA,BAIJAYANT PANDA,,
Maharashtra,2,18th Lok Sabha,67.0,BAJRANG MANOHAR SONWANE,Lok Sabha,BEED,165899107.19,"Jun 4, 2024 12:00:00 AM","Jun 3, 2029 11:59:59 PM",,165962594.43,Maharashtra,BEED,BAJRANG MANOHAR SONWANE,,
Odisha,2,18th Lok Sabha,68.0,BALABHADRA MAJHI,Lok Sabha,NABARANGPUR(ST),147413962.11,"Jun 4, 2024 12:00:00 AM","Jun 3, 2029 11:59:59 PM",,147470375.35,Odisha,NABARANGPUR(ST),BALABHADRA MAJHI,,
Andhra Pradesh,2,18th Lok Sabha,69.0,Balashowry Vallabbhaneni,Lok Sabha,MACHILIPATNAM,147000000.0,"Jun 4, 2024 12:00:00 AM","Jun 3, 2029 11:59:59 PM",,147056254.82,Andhra Pradesh,MACHILIPATNAM,Balashowry Vallabbhaneni,,
Telangana,2,18th Lok Sabha,70.0,BALRAM NAIK PORIKA,Lok Sabha,MAHABUBABAD,147000000.0,"Jun 4, 2024 12:00:00 AM","Jun 3, 2029 11:59:59 PM",,147056254.82,Telangana,MAHABUBABAD,BALRAM NAIK PORIKA,,
Maharashtra,2,18th Lok Sabha,71.0,BALWANT BASWANT WANKHADE,Lok Sabha,AMRAVATI(SC),198293678.0,"Jun 4, 2024 12:00:00 AM","Jun 3, 2029 11:59:59 PM",,198369562.18,Maharashtra,AMRAVATI(SC),BALWANT BASWANT WANKHADE,,
Maharashtra,2,18th Lok Sabha,72.0,BALYA MAMA SURESH GOPINATH MHATRE,Lok Sabha,BHIWANDI,147000000.0,"Jun 4, 2024 12:00:00 AM","Jun 3, 2029 11:59:59 PM",,147056254.82,Maharashtra,BHIWANDI,BALYA MAMA SURESH GOPINATH MHATRE,,
Delhi,2,18th Lok Sabha,73.0,Bansuri Swaraj,Lok Sabha,NEW DELHI,154306950.0,"Jun 4, 2024 12:00:00 AM","Jun 3, 2029 11:59:59 PM",,154366001.09,Delhi,NEW DELHI,Bansuri Swaraj,,
West Bengal,2,18th Lok Sabha,74.0,BAPI HALDAR,Lok Sabha,MATHURAPUR(SC),147000000.0,"Jun 4, 2024 12:00:00 AM","Jun 3, 2029 11:59:59 PM",,147056254.82,West Bengal,MATHURAPUR(SC),BAPI HALDAR,,
Karnataka,2,18th Lok Sabha,75.0,BASAVARAJ BOMMAI,Lok Sabha,HAVERI,147000000.0,"Jun 4, 2024 12:00:00 AM","Jun 3, 2029 11:59:59 PM",,147056254.82,Karnataka,HAVERI,BASAVARAJ BOMMAI,,
Andhra Pradesh,2,18th Lok Sabha,76.0,BASTIPATI NAGARAJU PANCHALINGALA,Lok Sabha,KURNOOL,159998515.11,"Jun 4, 2024 12:00:00 AM","Jun 3, 2029 11:59:59 PM",,160059744.28,Andhra Pradesh,KURNOOL,BASTIPATI NAGARAJU PANCHALINGALA,,
Rajasthan,2,18th Lok Sabha,77.0,Bhagirath Chaudhary,Lok Sabha,AJMER,147000000.0,"Jun 4, 2024 12:00:00 AM","Jun 3, 2029 11:59:59 PM",,147056254.82,Rajasthan,AJMER,Bhagirath Chaudhary,,
Rajasthan,2,18th Lok Sabha,78.0,BHAJAN LAL JATAV,Lok Sabha,KARAULI-DHOLPUR(SC),147000000.0,"Jun 4, 2024 12:00:00 AM","Jun 3, 2029 11:59:59 PM",,147056254.82,Rajasthan,KARAULI-DHOLPUR(SC),BHAJAN LAL JATAV,,
Madhya Pradesh,2,18th Lok Sabha,79.0,BHARAT SINGH KUSHWAH,Lok Sabha,GWALIOR,151455276.04,"Jun 4, 2024 12:00:00 AM","Jun 3, 2029 11:59:59 PM",,151513235.83,Madhya Pradesh,GWALIOR,BHARAT SINGH KUSHWAH,,
Gujarat,2,18th Lok Sabha,80.0,BHARATBHAI MANUBHAI SUTARIYA,Lok Sabha,AMRELI,147000000.0,"Jun 4, 2024 12:00:00 AM","Jun 3, 2029 11:59:59 PM",,147056254.82,Gujarat,AMRELI,BHARATBHAI MANUBHAI SUTARIYA,,
Gujarat,2,18th Lok Sabha,81.0,Bharatsinhji Shankarji Dabhi,Lok Sabha,PATAN,147000000.0,"Jun 4, 2024 12:00:00 AM","Jun 3, 2029 11:59:59 PM",,147056254.82,Gujarat,PATAN,Bharatsinhji Shankarji Dabhi,,
Madhya Pradesh,2,18th Lok Sabha,82.0,BHARTI PARDHI,Lok Sabha,BALAGHAT,154398389.01,"Jun 4, 2024 12:00:00 AM","Jun 3, 2029 11:59:59 PM",,154457475.09,Madhya Pradesh,BALAGHAT,BHARTI PARDHI,,
Maharashtra,2,18th Lok Sabha,83.0,BHASKAR MURLIDHAR BHAGARE,Lok Sabha,DINDORI(ST),147000000.0,"Jun 4, 2024 12:00:00 AM","Jun 3, 2029 11:59:59 PM",,147056254.82,Maharashtra,DINDORI(ST),BHASKAR MURLIDHAR BHAGARE,,
Maharashtra,2,18th Lok Sabha,84.0,BHAUSAHEB RAJARAM WAKCHAURE,Lok Sabha,SHIRDI(SC),147000000.0,"Jun 4, 2024 12:00:00 AM","Jun 3, 2029 11:59:59 PM",,147056254.82,Maharashtra,SHIRDI(SC),BHAUSAHEB RAJARAM WAKCHAURE,,
Chhattisgarh,2,18th Lok Sabha,85.0,BHOJRAJ NAG,Lok Sabha,KANKER(ST),164672734.11,"Jun 4, 2024 12:00:00 AM","Jun 3, 2029 11:59:59 PM",,164735752.04,Chhattisgarh,KANKER(ST),BHOJRAJ NAG,,
Uttar Pradesh,2,18th Lok Sabha,86.0,Bhola Singh,Lok Sabha,BULANDSHAHR(SC),147000000.0,"Jun 4, 2024 12:00:00 AM","Jun 3, 2029 11:59:59 PM",,147056254.82,Uttar Pradesh,BULANDSHAHR(SC),Bhola Singh,,
Maharashtra,2,18th Lok Sabha,87.0,BHUMARE SANDIPANRAO ASARAM,Lok Sabha,AURANGABAD_MH,147000000.0,"Jun 4, 2024 12:00:00 AM","Jun 3, 2029 11:59:59 PM",,147056254.82,Maharashtra,AURANGABAD_MH,BHUMARE SANDIPANRAO ASARAM,,
Andhra Pradesh,2,18th Lok Sabha,88.0,Bhupathiraju Srinivasa varma,Lok Sabha,NARASAPURAM,147000000.0,"Jun 4, 2024 12:00:00 AM","Jun 3, 2029 11:59:59 PM",,147056254.82,Andhra Pradesh,NARASAPURAM,Bhupathiraju Srinivasa varma,,
Rajasthan,2,18th Lok Sabha,89.0,BHUPENDER YADAV,Lok Sabha,ALWAR,147000000.0,"Jun 4, 2024 12:00:00 AM","Jun 3, 2029 11:59:59 PM",,147056254.82,Rajasthan,ALWAR,BHUPENDER YADAV,,
Odisha,2,18th Lok Sabha,90.0,BIBHU PRASAD TARAI,Lok Sabha,JAGATSINGHPUR(SC),147000000.0,"Jun 4, 2024 12:00:00 AM","Jun 3, 2029 11:59:59 PM",,147056254.82,Odisha,JAGATSINGHPUR(SC),BIBHU PRASAD TARAI,,
Jharkhand,2,18th Lok Sabha,91.0,Bidyut Baran Mahato,Lok Sabha,JAMSHEDPUR,147000000.0,"Jun 4, 2024 12:00:00 AM","Jun 3, 2029 11:59:59 PM",,147056254.82,Jharkhand,JAMSHEDPUR,Bidyut Baran Mahato,,
Assam,2,18th Lok Sabha,92.0,BIJULI KALITA MEDHI,Lok Sabha,GUWAHATI,147000000.0,"Jun 4, 2024 12:00:00 AM","Jun 3, 2029 11:59:59 PM",,147056254.82,Assam,GUWAHATI,BIJULI KALITA MEDHI,,
Tripura,2,18th Lok Sabha,93.0,BIPLAB KUMAR DEB,Lok Sabha,TRIPURA WEST,147000000.0,"Jun 4, 2024 12:00:00 AM","Jun 3, 2029 11:59:59 PM",,147056254.82,Tripura,TRIPURA WEST,BIPLAB KUMAR DEB,,
Andaman And Nicobar Islands,2,18th Lok Sabha,94.0,BISHNU PADA RAY,Lok Sabha,ANDAMAN AND NICOBAR ISLANDS,147000000.0,"Jun 4, 2024 12:00:00 AM","Jun 3, 2029 11:59:59 PM",,147056254.82,Andaman And Nicobar Islands,ANDAMAN AND NICOBAR ISLANDS,BISHNU PADA RAY,,
Rajasthan,2,18th Lok Sabha,95.0,BRIJENDRA SINGH OLA,Lok Sabha,JHUNJHUNU,147000000.0,"Jun 4, 2024 12:00:00 AM","Jun 3, 2029 11:59:59 PM",,147056254.82,Rajasthan,JHUNJHUNU,BRIJENDRA SINGH OLA,,
Chhattisgarh,2,18th Lok Sabha,96.0,BRIJMOHAN AGRAWAL,Lok Sabha,RAIPUR,153766451.11,"Jun 4, 2024 12:00:00 AM","Jun 3, 2029 11:59:59 PM",,153825295.36,Chhattisgarh,RAIPUR,BRIJMOHAN AGRAWAL,,
Madhya Pradesh,2,18th Lok Sabha,97.0,BUNTY VIVEK SAHU,Lok Sabha,CHHINDWARA,147000000.0,"Jun 4, 2024 12:00:00 AM","Jun 3, 2029 11:59:59 PM",,147056254.82,Madhya Pradesh,CHHINDWARA,BUNTY VIVEK SAHU,,
Gujarat,2,18th Lok Sabha,98.0,C R Patil,Lok Sabha,NAVSARI,158532494.36,"Jun 4, 2024 12:00:00 AM","Jun 3, 2029 11:59:59 PM",,158593162.5,Gujarat,NAVSARI,C R Patil,,
Andhra Pradesh,2,18th Lok Sabha,99.0,C.M.RAMESH,Lok Sabha,ANAKAPALLE,202531656.11,"Jun 4, 2024 12:00:00 AM","Jun 3, 2029 11:59:59 PM",,202609162.11,Andhra Pradesh,ANAKAPALLE,C.M.RAMESH,,
Karnataka,2,18th Lok Sabha,100.0,CAPTAIN BRIJESH CHOWTA,Lok Sabha,DAKSHINA KANNADA,147000000.0,"Jun 4, 2024 12:00:00 AM","Jun 3, 2029 11:59:59 PM",,147056254.82,Karnataka,DAKSHINA KANNADA,CAPTAIN BRIJESH CHOWTA,,
Goa,2,18th Lok Sabha,101.0,CAPTAIN VIRIATO FERNANDES,Lok Sabha,SOUTH GOA,147000000.0,"Jun 4, 2024 12:00:00 AM","Jun 3, 2029 11:59:59 PM",,147056254.82,Goa,SOUTH GOA,CAPTAIN VIRIATO FERNANDES,,
Telangana,2,18th Lok Sabha,102.0,CHAMALA KIRAN KUMAR REDDY,Lok Sabha,BHONGIR,147000000.0,"Jun 4, 2024 12:00:00 AM","Jun 3, 2029 11:59:59 PM",,147056254.82,Telangana,BHONGIR,CHAMALA KIRAN KUMAR REDDY,,
Uttar Pradesh,2,18th Lok Sabha,103.0,CHANDAN CHAUHAN,Lok Sabha,BIJNOR,147000000.0,"Jun 4, 2024 12:00:00 AM","Jun 3, 2029 11:59:59 PM",,147056254.82,Uttar Pradesh,BIJNOR,CHANDAN CHAUHAN,,
Rajasthan,2,18th Lok Sabha,104.0,Chandra Prakash Joshi,Lok Sabha,CHITTORGARH,147000000.0,"Jun 4, 2024 12:00:00 AM","Jun 3, 2029 11:59:59 PM",,147056254.82,Rajasthan,CHITTORGARH,Chandra Prakash Joshi,,
Uttar Pradesh,2,18th Lok Sabha,105.0,CHANDRA SHEKHAR,Lok Sabha,NAGINA(SC),147000000.0,"Jun 4, 2024 12:00:00 AM","Jun 3, 2029 11:59:59 PM",,147056254.82,Uttar Pradesh,NAGINA(SC),CHANDRA SHEKHAR,,
Gujarat,2,18th Lok Sabha,106.0,CHANDUBHAI CHHAGANBHAI SHIHORA,Lok Sabha,SURENDRANAGAR,147000000.0,"Jun 4, 2024 12:00:00 AM","Jun 3, 2029 11:59:59 PM",,147056254.82,Gujarat,SURENDRANAGAR,CHANDUBHAI CHHAGANBHAI SHIHORA,,
Punjab,2,18th Lok Sabha,107.0,CHARANJIT SINGH CHANNI,Lok Sabha,JALANDHAR(SC),147000000.0,"Jun 4, 2024 12:00:00 AM","Jun 3, 2029 11:59:59 PM",,147056254.82,Punjab,JALANDHAR(SC),CHARANJIT SINGH CHANNI,,
Maharashtra,2,18th Lok Sabha,108.0,CHAVAN VASANTRAO BALWANTRAO,Lok Sabha,NANDED,0.0,"Jun 4, 2024 12:00:00 AM","Aug 26, 2024 11:59:59 PM",,0.0,Maharashtra,NANDED,CHAVAN VASANTRAO BALWANTRAO,,
Uttar Pradesh,2,18th Lok Sabha,109.0,CHHATRA PAL SINGH GANGWAR,Lok Sabha,BAREILLY,147000000.0,"Jun 4, 2024 12:00:00 AM","Jun 3, 2029 11:59:59 PM",,147056254.82,Uttar Pradesh,BAREILLY,CHHATRA PAL SINGH GANGWAR,,
Maharashtra,2,18th Lok Sabha,110.0,CHHATRAPATI SHAHU SHAHAJI,Lok Sabha,KOLHAPUR,147000000.0,"Jun 4, 2024 12:00:00 AM","Jun 3, 2029 11:59:59 PM",,147056254.82,Maharashtra,KOLHAPUR,CHHATRAPATI SHAHU SHAHAJI,,
Uttar Pradesh,2,18th Lok Sabha,111.0,CHHOTELAL,Lok Sabha,ROBERTSGANJ(SC),147000000.0,"Jun 4, 2024 12:00:00 AM","Jun 3, 2029 11:59:59 PM",,147056254.82,Uttar Pradesh,ROBERTSGANJ(SC),CHHOTELAL,,
Chhattisgarh,2,18th Lok Sabha,112.0,CHINTAMANI MAHARAJ,Lok Sabha,SARGUJA(ST),147000000.0,"Jun 4, 2024 12:00:00 AM","Jun 3, 2029 12:00:00 AM",,147056254.82,Chhattisgarh,SARGUJA(ST),CHINTAMANI MAHARAJ,,
Bihar,2,18th Lok Sabha,113.0,CHIRAG PASWAN,Lok Sabha,HAJIPUR(SC),147000000.0,"Jun 4, 2024 12:00:00 AM","Jun 3, 2029 11:59:59 PM",,147056254.82,Bihar,HAJIPUR(SC),CHIRAG PASWAN,,
Tamil Nadu,2,18th Lok Sabha,114.0,CN Annadurai,Lok Sabha,TIRUVANNAMALAI,148579509.11,"Jun 4, 2024 12:00:00 AM","Jun 3, 2029 11:59:59 PM",,148636368.39,Tamil Nadu,TIRUVANNAMALAI,CN Annadurai,,
Tamil Nadu,2,18th Lok Sabha,115.0,D M Kathir Anand,Lok Sabha,VELLORE,160196941.11,"Jun 4, 2024 12:00:00 AM","Jun 3, 2029 11:59:59 PM",,160258246.21,Tamil Nadu,VELLORE,D M Kathir Anand,,
Tamil Nadu,2,18th Lok Sabha,116.0,D Ravikumar ,Lok Sabha,VILUPPURAM(SC),197598306.11,"Jun 4, 2024 12:00:00 AM","Jun 3, 2029 11:59:59 PM",,197673924.19,Tamil Nadu,VILUPPURAM(SC),D Ravikumar ,,
Andhra Pradesh,2,18th Lok Sabha,117.0,Daggubati Purandeshwari,Lok Sabha,RAJAHMUNDRY,147000000.0,"Jun 4, 2024 12:00:00 AM","Jun 3, 2029 11:59:59 PM",,147056254.82,Andhra Pradesh,RAJAHMUNDRY,Daggubati Purandeshwari,,
Andhra Pradesh,2,18th Lok Sabha,118.0,DAGGUMALLA PRASADA RAO,Lok Sabha,CHITTOOR,147000000.0,"Jun 4, 2024 12:00:00 AM","Jun 3, 2029 11:59:59 PM",,147056254.82,Andhra Pradesh,CHITTOOR,DAGGUMALLA PRASADA RAO,,
Rajasthan,2,18th Lok Sabha,119.0,DAMODAR AGARWAL,Lok Sabha,BHILWARA,147000000.0,"Jun 4, 2024 12:00:00 AM","Jun 3, 2029 11:59:59 PM",,147056254.82,Rajasthan,BHILWARA,DAMODAR AGARWAL,,
Uttar Pradesh,2,18th Lok Sabha,120.0,DAROGA PRASAD SAROJ,Lok Sabha,LALGANJ (SC),147000000.0,"Jun 4, 2024 12:00:00 AM","Jun 3, 2029 11:59:59 PM",,147056254.82,Uttar Pradesh,LALGANJ (SC),DAROGA PRASAD SAROJ,,
Madhya Pradesh,2,18th Lok Sabha,121.0,DARSHAN SINGH CHOUDHARY,Lok Sabha,HOSHANGABAD,147000000.0,"Jun 4, 2024 12:00:00 AM","Jun 3, 2029 11:59:59 PM",,147056254.82,Madhya Pradesh,HOSHANGABAD,DARSHAN SINGH CHOUDHARY,,
Haryana,2,18th Lok Sabha,122.0,DEEPENDER SINGH HOODA,Lok Sabha,ROHTAK,147000000.0,"Jun 4, 2024 12:00:00 AM","Jun 3, 2029 11:59:59 PM",,147056254.82,Haryana,ROHTAK,DEEPENDER SINGH HOODA,,
Uttar Pradesh,2,18th Lok Sabha,123.0,Devendra Alias Bhole Singh,Lok Sabha,AKBARPUR,147000000.0,"Jun 4, 2024 12:00:00 AM","Jun 3, 2029 11:59:59 PM",,147056254.82,Uttar Pradesh,AKBARPUR,Devendra Alias Bhole Singh,,
Bihar,2,18th Lok Sabha,124.0,DEVESH CHANDRA THAKUR,Lok Sabha,SITAMARHI,163809205.11,"Jun 4, 2024 12:00:00 AM","Jun 3, 2029 11:59:59 PM",,163871892.58,Bihar,SITAMARHI,DEVESH CHANDRA THAKUR,,
Uttar Pradesh,2,18th Lok Sabha,125.0,DEVESH SHAKYA,Lok Sabha,ETAH,147000000.0,"Jun 4, 2024 12:00:00 AM","Jun 3, 2029 11:59:59 PM",,147056254.82,Uttar Pradesh,ETAH,DEVESH SHAKYA,,
Gujarat,2,18th Lok Sabha,126.0,Devusinh Jesingbhai Chauhan,Lok Sabha,KHEDA,147000000.0,"Jun 4, 2024 12:00:00 AM","Jun 4, 2029 11:59:59 PM",,147056254.82,Gujarat,KHEDA,Devusinh Jesingbhai Chauhan,,
Maharashtra,2,18th Lok Sabha,127.0,Dhairyasheel Sambhajirao Mane,Lok Sabha,HATKANANGLE,147000000.0,"Jun 4, 2024 12:00:00 AM","Jun 3, 2029 11:59:59 PM",,147056254.82,Maharashtra,HATKANANGLE,Dhairyasheel Sambhajirao Mane,,
Maharashtra,2,18th Lok Sabha,128.0,DHANORKAR PRATIBHA SURESH ALIAS BALUBHAU,Lok Sabha,CHANDRAPUR,147000000.0,"Jun 4, 2024 12:00:00 AM","Jun 3, 2029 11:59:59 PM",,147056254.82,Maharashtra,CHANDRAPUR,DHANORKAR PRATIBHA SURESH ALIAS BALUBHAU,,
Odisha,2,18th Lok Sabha,129.0,DHARMENDRA PRADHAN,Lok Sabha,SAMBALPUR,147000000.0,"Jun 4, 2024 12:00:00 AM","Jun 3, 2029 11:59:59 PM",,147056254.82,Odisha,SAMBALPUR,DHARMENDRA PRADHAN,,
Uttar Pradesh,2,18th Lok Sabha,130.0,DHARMENDRA YADAV,Lok Sabha,AZAMGARH,147000000.0,"Jun 4, 2024 12:00:00 AM","Jun 3, 2029 11:59:59 PM",,147056254.82,Uttar Pradesh,AZAMGARH,DHARMENDRA YADAV,,
Gujarat,2,18th Lok Sabha,131.0,DHAVAL LAXMANBHAI PATEL,Lok Sabha,VALSAD(ST),147000000.0,"Jun 4, 2024 12:00:00 AM","Jun 3, 2029 11:59:59 PM",,147056254.82,Gujarat,VALSAD(ST),DHAVAL LAXMANBHAI PATEL,,
Bihar,2,18th Lok Sabha,132.0,Dileshwar Kamait ,Lok Sabha,SUPAUL,150450930.89,"Jun 4, 2024 12:00:00 AM","Jun 3, 2029 11:59:59 PM",,150508506.33,Bihar,SUPAUL,Dileshwar Kamait ,,
Assam,2,18th Lok Sabha,133.0,Dilip Saikia,Lok Sabha,Darrang-Udalguri,147000000.0,"Jun 4, 2024 12:00:00 AM","Jun 3, 2029 11:59:59 PM",,147056254.82,Assam,Darrang-Udalguri,Dilip Saikia,,
Bihar,2,18th Lok Sabha,134.0,Dinesh Chandra Yadav,Lok Sabha,MADHEPURA,150070866.11,"Jun 4, 2024 12:00:00 AM","Jun 3, 2029 11:59:59 PM",,150128296.11,Bihar,MADHEPURA,Dinesh Chandra Yadav,,
Gujarat,2,18th Lok Sabha,135.0,DINESHBHAI MAKWANA,Lok Sabha,AHMEDABAD WEST(SC),160434965.11,"Jun 4, 2024 12:00:00 AM","Jun 3, 2029 11:59:59 PM",,160496361.3,Gujarat,AHMEDABAD WEST(SC),DINESHBHAI MAKWANA,,
Andhra Pradesh,2,18th Lok Sabha,136.0,DR BYREDDY SHABARI,Lok Sabha,NANDYAL,150675889.11,"Jun 4, 2024 12:00:00 AM","Jun 3, 2029 11:59:59 PM",,150733550.64,Andhra Pradesh,NANDYAL,DR BYREDDY SHABARI,,
Karnataka,2,18th Lok Sabha,137.0,DR C N MANJUNATH,Lok Sabha,BANGALORE RURAL,147000000.0,"Jun 4, 2024 12:00:00 AM","Jun 3, 2029 11:59:59 PM",,147056254.82,Karnataka,BANGALORE RURAL,DR C N MANJUNATH,,
Andhra Pradesh,2,18th Lok Sabha,138.0,Dr Chandra Sekhar Pemmasani,Lok Sabha,GUNTUR,159774113.11,"Jun 4, 2024 12:00:00 AM","Jun 3, 2029 11:59:59 PM",,159835256.4,Andhra Pradesh,GUNTUR,Dr Chandra Sekhar Pemmasani,,
Punjab,2,18th Lok Sabha,139.0,DR DHARAMVIRA GANDHI,Lok Sabha,PATIALA,147000000.0,"Jun 4, 2024 12:00:00 AM","Jun 3, 2029 11:59:59 PM",,147056254.82,Punjab,PATIALA,DR DHARAMVIRA GANDHI,,
West Bengal,2,18th Lok Sabha,140.0,Dr Jayanta Kumar Roy,Lok Sabha,JALPAIGURI(SC),147000000.0,"Jun 4, 2024 12:00:00 AM","Jun 3, 2029 11:59:59 PM",,147056254.82,West Bengal,JALPAIGURI(SC),Dr Jayanta Kumar Roy,,
Maharashtra,2,18th Lok Sabha,141.0,DR KALGE SHIVAJI BANDAPPA,Lok Sabha,LATUR(SC),147000000.0,"Jun 4, 2024 12:00:00 AM","Jun 3, 2029 11:59:59 PM",,147056254.82,Maharashtra,LATUR(SC),DR KALGE SHIVAJI BANDAPPA,,
Bihar,2,18th Lok Sabha,142.0,Dr Mohammad Jawed,Lok Sabha,KISHANGANJ,148669229.11,"Jun 4, 2024 12:00:00 AM","Jun 3, 2029 11:59:59 PM",,148726122.72,Bihar,KISHANGANJ,Dr Mohammad Jawed,,
Uttar Pradesh,2,18th Lok Sabha,143.0,DR RAJKUMAR SANGWAN,Lok Sabha,BAGHPAT,147000000.0,"Jun 4, 2024 12:00:00 AM","Jun 3, 2029 11:59:59 PM",,147056254.82,Uttar Pradesh,BAGHPAT,DR RAJKUMAR SANGWAN,,
Tamil Nadu,2,18th Lok Sabha,144.0,DR RANI SRI KUMAR,Lok Sabha,TENKASI(SC),153060922.82,"Jun 4, 2024 12:00:00 AM","Jun 3, 2029 11:59:59 PM",,153119497.07,Tamil Nadu,TENKASI(SC),DR RANI SRI KUMAR,,
Kerala,2,18th Lok Sabha,145.0,Dr Shashi Tharoor,Lok Sabha,THIRUVANANTHAPURAM,147000000.0,"Jun 4, 2024 12:00:00 AM","Jun 3, 2029 11:59:59 PM",,147056254.82,Kerala,THIRUVANANTHAPURAM,Dr Shashi Tharoor,,
West Bengal,2,18th Lok Sabha,146.0,Dr Sukanta Majumdar ,Lok Sabha,BALURGHAT,157085364.9,"Jun 4, 2024 12:00:00 AM","Jun 3, 2029 11:59:59 PM",,157145479.25,West Bengal,BALURGHAT,Dr Sukanta Majumdar ,,
Gujarat,2,18th Lok Sabha,147.0,DR. HEMANG JOSHI,Lok Sabha,VADODARA,147000000.0,"Jun 4, 2024 12:00:00 AM","Jun 3, 2029 11:59:59 PM",,147056254.82,Gujarat,VADODARA,DR. HEMANG JOSHI,,
Maharashtra,2,18th Lok Sabha,148.0,DR. HEMANT VISHNU SAVARA,Lok Sabha,PALGHAR(ST),147000000.0,"Jun 4, 2024 12:00:00 AM","Jun 3, 2029 11:59:59 PM",,147056254.82,Maharashtra,PALGHAR(ST),DR. HEMANT VISHNU SAVARA,,
Maharashtra,2,18th Lok Sabha,149.0,DR. KIRSAN NAMDEO,Lok Sabha,GADCHIROLI-CHIMUR(ST),147000000.0,"Jun 4, 2024 12:00:00 AM","Jun 3, 2029 11:59:59 PM",,147056254.82,Maharashtra,GADCHIROLI-CHIMUR(ST),DR. KIRSAN NAMDEO,,
Madhya Pradesh,2,18th Lok Sabha,150.0,DR. LATA WANKHEDE,Lok Sabha,SAGAR,147000000.0,"Jun 4, 2024 12:00:00 AM","Jun 3, 2029 11:59:59 PM",,147056254.82,Madhya Pradesh,SAGAR,DR. LATA WANKHEDE,,
Kerala,2,18th Lok Sabha,151.0,DR. M.P ABDUSSAMAD SAMADANI,Lok Sabha,PONNANI,170434031.11,"Jun 4, 2024 12:00:00 AM","Jun 3, 2029 11:59:59 PM",,170499253.8,Kerala,PONNANI,DR. M.P ABDUSSAMAD SAMADANI,,
Gujarat,2,18th Lok Sabha,152.0,DR. MANSUKH MANDAVIYA,Lok Sabha,PORBANDAR,147000000.0,"Jun 4, 2024 12:00:00 AM","Jun 3, 2029 11:59:59 PM",,147056254.82,Gujarat,PORBANDAR,DR. MANSUKH MANDAVIYA,,
Karnataka,2,18th Lok Sabha,153.0,DR. PRABHA MALLIKARJUN,Lok Sabha,DAVANAGERE,150232324.0,"Jun 4, 2024 12:00:00 AM","Jun 3, 2029 11:59:59 PM",,150289815.78,Karnataka,DAVANAGERE,DR. PRABHA MALLIKARJUN,,
Odisha,2,18th Lok Sabha,154.0,DR. PRADEEP KUMAR PANIGRAHY,Lok Sabha,BERHAMPUR,147000000.0,"Jun 4, 2024 12:00:00 AM","Jun 3, 2029 11:59:59 PM",,147056254.82,Odisha,BERHAMPUR,DR. PRADEEP KUMAR PANIGRAHY,,
Maharashtra,2,18th Lok Sabha,155.0,DR. PRASHANT YADAORAO PADOLE,Lok Sabha,BHANDARA-GONDIYA,159680283.39,"Jun 4, 2024 12:00:00 AM","Jun 3, 2029 11:59:59 PM",,159741390.78,Maharashtra,BHANDARA-GONDIYA,DR. PRASHANT YADAORAO PADOLE,,
Punjab,2,18th Lok Sabha,156.0,DR. RAJ KUMAR CHABBEWAL,Lok Sabha,HOSHIARPUR(SC),147000000.0,"Jun 4, 2024 12:00:00 AM","Jun 3, 2029 11:59:59 PM",,147056254.82,Punjab,HOSHIARPUR(SC),DR. RAJ KUMAR CHABBEWAL,,
Madhya Pradesh,2,18th Lok Sabha,157.0,DR. RAJESH MISHRA,Lok Sabha,SIDHI,262724510.35,"Jun 4, 2024 12:00:00 AM","Jun 3, 2029 11:59:59 PM",,262825051.3,Madhya Pradesh,SIDHI,DR. RAJESH MISHRA,,
Uttar Pradesh,2,18th Lok Sabha,158.0,DR. S P SINGH,Lok Sabha,PRATAPGARH,147000000.0,"Jun 4, 2024 12:00:00 AM","Jun 3, 2029 11:59:59 PM",,147056254.82,Uttar Pradesh,PRATAPGARH,DR. S P SINGH,,
West Bengal,2,18th Lok Sabha,159.0,DR. SHARMILA SARKAR,Lok Sabha,BARDHAMAN PURBA(SC),147000000.0,"Jun 4, 2024 12:00:00 AM","Jun 3, 2029 11:59:59 PM",,147056254.82,West Bengal,BARDHAMAN PURBA(SC),DR. SHARMILA SARKAR,,
Karnataka,2,18th Lok Sabha,160.0,DR.K.SUDHAKAR,Lok Sabha,CHIKBALLAPUR,147083957.11,"Jun 4, 2024 12:00:00 AM","Jun 3, 2029 11:59:59 PM",,147140244.06,Karnataka,CHIKBALLAPUR,DR.K.SUDHAKAR,,
Telangana,2,18th Lok Sabha,161.0,DR.MALLU RAVI,Lok Sabha,NAGARKURNOOL(SC),147000000.0,"Jun 4, 2024 12:00:00 AM","Jun 3, 2029 11:59:59 PM",,147056254.82,Telangana,NAGARKURNOOL(SC),DR.MALLU RAVI,,
Jharkhand,2,18th Lok Sabha,162.0,DULU MAHATO,Lok Sabha,DHANBAD,147000000.0,"Jun 4, 2024 12:00:00 AM","Jun 3, 2029 11:59:59 PM",,147056254.82,Jharkhand,DHANBAD,DULU MAHATO,,
Tamil Nadu,2,18th Lok Sabha,163.0,DURAI VAIKO,Lok Sabha,TIRUCHIRAPPALLI,147000000.0,"Jun 4, 2024 12:00:00 AM","Jun 3, 2029 11:59:59 PM",,147056254.82,Tamil Nadu,TIRUCHIRAPPALLI,DURAI VAIKO,,
Madhya Pradesh,2,18th Lok Sabha,164.0,Durga Das Uikey ,Lok Sabha,BETUL(ST),151569502.91,"Jun 4, 2024 12:00:00 AM","Jun 3, 2029 11:59:59 PM",,151627506.41,Madhya Pradesh,BETUL(ST),Durga Das Uikey ,,
Rajasthan,2,18th Lok Sabha,165.0,Dushyant Singh,Lok Sabha,JHALAWAR-BARAN,147000000.0,"Jun 4, 2024 12:00:00 AM","Jun 3, 2029 11:59:59 PM",,147056254.82,Rajasthan,JHALAWAR-BARAN,Dushyant Singh,,
Karnataka,2,18th Lok Sabha,166.0,E. TUKARAM,Lok Sabha,BELLARY(ST),147000000.0,"Jun 4, 2024 12:00:00 AM","Jun 3, 2029 11:59:59 PM",,147056254.82,Karnataka,BELLARY(ST),E. TUKARAM,,
Kerala,2,18th Lok Sabha,167.0,E.T. MOHAMMED BASHEER,Lok Sabha,MALAPPURAM,163895872.11,"Jun 4, 2024 12:00:00 AM","Jun 3, 2029 11:59:59 PM",,163958592.74,Kerala,MALAPPURAM,E.T. MOHAMMED BASHEER,,
Telangana,2,18th Lok Sabha,168.0,EATALA RAJENDER,Lok Sabha,MALKAJGIRI,327477390.86,"Jun 4, 2024 12:00:00 AM","Jun 3, 2029 11:59:59 PM",,327602711.82,Telangana,MALKAJGIRI,EATALA RAJENDER,,
Tamil Nadu,2,18th Lok Sabha,169.0,ESWARASAMY K,Lok Sabha,POLLACHI,162315106.11,"Jun 4, 2024 12:00:00 AM","Jun 3, 2029 11:59:59 PM",,162377221.8,Tamil Nadu,POLLACHI,ESWARASAMY K,,
Madhya Pradesh,2,18th Lok Sabha,170.0,Faggan Singh Kulaste,Lok Sabha,MANDLA(ST),151861648.41,"Jun 4, 2024 12:00:00 AM","Jun 3, 2029 11:59:59 PM",,151919763.71,Madhya Pradesh,MANDLA(ST),Faggan Singh Kulaste,,
Karnataka,2,18th Lok Sabha,171.0,G. KUMAR NAIK,Lok Sabha,RAICHUR(ST),147066591.11,"Jun 4, 2024 12:00:00 AM","Jun 3, 2029 11:59:59 PM",,147122871.41,Karnataka,RAICHUR(ST),G. KUMAR NAIK,,
Maharashtra,2,18th Lok Sabha,172.0,GAIKWAD VARSHA EKNATH,Lok Sabha,MUMBAI NORTH-CENTRAL,147000000.0,"Jun 4, 2024 12:00:00 AM","Jun 3, 2029 11:59:59 PM",,147056254.82,Maharashtra,MUMBAI NORTH-CENTRAL,GAIKWAD VARSHA EKNATH,,
Madhya Pradesh,2,18th Lok Sabha,173.0,Gajendra Singh Patel,Lok Sabha,KHARGONE(ST),147000000.0,"Jun 4, 2024 12:00:00 AM","Jun 3, 2029 11:59:59 PM",,147056254.82,Madhya Pradesh,KHARGONE(ST),Gajendra Singh Patel,,
Rajasthan,2,18th Lok Sabha,174.0,Gajendra Singh Shekhawat,Lok Sabha,JODHPUR,147000000.0,"Jun 4, 2024 12:00:00 AM","Jun 3, 2029 11:59:59 PM",,147056254.82,Rajasthan,JODHPUR,Gajendra Singh Shekhawat,,
Tamil Nadu,2,18th Lok Sabha,175.0,GANAPATHY RAJKUMAR P,Lok Sabha,COIMBATORE,147370490.11,"Jun 4, 2024 12:00:00 AM","Jun 3, 2029 11:59:59 PM",,147426886.71,Tamil Nadu,COIMBATORE,GANAPATHY RAJKUMAR P,,
Tamil Nadu,2,18th Lok Sabha,176.0,Ganesan Selvam,Lok Sabha,KANCHEEPURAM(SC),186508749.11,"Jun 4, 2024 12:00:00 AM","Jun 3, 2029 11:59:59 PM",,186580123.37,Tamil Nadu,KANCHEEPURAM(SC),Ganesan Selvam,,
Madhya Pradesh,2,18th Lok Sabha,177.0,Ganesh Singh,Lok Sabha,SATNA,147000000.0,"Jun 4, 2024 12:00:00 AM","Jun 3, 2029 11:59:59 PM",,147056254.82,Madhya Pradesh,SATNA,Ganesh Singh,,
Assam,2,18th Lok Sabha,178.0,GAURAV GOGOI,Lok Sabha,JORHAT,147000000.0,"Jun 4, 2024 12:00:00 AM","Jun 3, 2029 11:59:59 PM",,147056254.82,Assam,JORHAT,GAURAV GOGOI,,
Gujarat,2,18th Lok Sabha,179.0,GENIBEN NAGAJI THAKOR,Lok Sabha,BANASKANTHA,147000000.0,"Jun 4, 2024 12:00:00 AM","Jun 3, 2029 11:59:59 PM",,147056254.82,Gujarat,BANASKANTHA,GENIBEN NAGAJI THAKOR,,
Bihar,2,18th Lok Sabha,180.0,Giridhari Yadav,Lok Sabha,BANKA,147000000.0,"Jun 4, 2024 12:00:00 AM","Jun 3, 2029 11:59:59 PM",,147056254.82,Bihar,BANKA,Giridhari Yadav,,
Bihar,2,18th Lok Sabha,181.0,Giriraj Singh,Lok Sabha,BEGUSARAI,147000000.0,"Jun 4, 2024 12:00:00 AM","Jun 3, 2029 11:59:59 PM",,147056254.82,Bihar,BEGUSARAI,Giriraj Singh,,
Andhra Pradesh,2,18th Lok Sabha,182.0,GM Harish Balayogi,Lok Sabha,AMALAPURAM(SC),147000000.0,"Jun 4, 2024 12:00:00 AM","Jun 3, 2029 11:59:59 PM",,147056254.82,Andhra Pradesh,AMALAPURAM(SC),GM Harish Balayogi,,
Telangana,2,18th Lok Sabha,183.0,GODAM NAGESH,Lok Sabha,ADILABAD(ST),147000000.0,"Jun 4, 2024 12:00:00 AM","Jun 3, 2029 11:59:59 PM",,147056254.82,Telangana,ADILABAD(ST),GODAM NAGESH,,
Tamil Nadu,2,18th Lok Sabha,184.0,GOPINATH K,Lok Sabha,KRISHNAGIRI,147000000.0,"Jun 4, 2024 12:00:00 AM","Jun 3, 2029 11:59:59 PM",,147056254.82,Tamil Nadu,KRISHNAGIRI,GOPINATH K,,
Karnataka,2,18th Lok Sabha,185.0,GOVIND MAKTHAPPA KARJOL,Lok Sabha,CHITRADURGA(SC),177317841.11,"Jun 4, 2024 12:00:00 AM","Jun 3, 2029 11:59:59 PM",,177385698.14,Karnataka,CHITRADURGA(SC),GOVIND MAKTHAPPA KARJOL,,
Andhra Pradesh,2,18th Lok Sabha,186.0,Gumma Thanuja Rani,Lok Sabha,ARAKU(ST),149458905.11,"Jun 4, 2024 12:00:00 AM","Jun 3, 2029 11:59:59 PM",,149516100.92,Andhra Pradesh,ARAKU(ST),Gumma Thanuja Rani,,
Punjab,2,18th Lok Sabha,187.0,GURMEET SINGH MEET HAYER,Lok Sabha,SANGRUR,147000000.0,"Jun 4, 2024 12:00:00 AM","Jun 3, 2029 11:59:59 PM",,147056254.82,Punjab,SANGRUR,GURMEET SINGH MEET HAYER,,
Madhya Pradesh,2,18th Lok Sabha,188.0,Gyaneshwar Patil,Lok Sabha,KHANDWA,155690684.77,"Jun 4, 2024 12:00:00 AM","Jun 3, 2029 11:59:59 PM",,155750265.39,Madhya Pradesh,KHANDWA,Gyaneshwar Patil,,
Karnataka,2,18th Lok Sabha,189.0,H.D. KUMARASWAMY,Lok Sabha,MANDYA,147000000.0,"Jul 4, 2024 12:00:00 AM","Jun 3, 2029 11:59:59 PM",,147056254.82,Karnataka,MANDYA,H.D. KUMARASWAMY,,
Uttar Pradesh,2,18th Lok Sabha,190.0,HARENDRA SINGH MALIK,Lok Sabha,MUZAFFARNAGAR,147000000.0,"Jun 4, 2024 12:00:00 AM","Jun 3, 2029 11:59:59 PM",,147056254.82,Uttar Pradesh,MUZAFFARNAGAR,HARENDRA SINGH MALIK,,
Gujarat,2,18th Lok Sabha,191.0,HARIBHAI PATEL,Lok Sabha,MAHESANA,147000000.0,"Jun 4, 2024 12:00:00 AM","Jun 3, 2029 11:59:59 PM",,147056254.82,Gujarat,MAHESANA,HARIBHAI PATEL,,
Rajasthan,2,18th Lok Sabha,192.0,HARISH CHANDRA MEENA,Lok Sabha,TONK-SAWAI MADHOPUR,147000000.0,"Jun 4, 2024 12:00:00 AM","Jun 3, 2029 11:59:59 PM",,147056254.82,Rajasthan,TONK-SAWAI MADHOPUR,HARISH CHANDRA MEENA,,
Delhi,2,18th Lok Sabha,193.0,Harsh Malhotra,Lok Sabha,EAST DELHI,147134131.0,"Jun 4, 2024 12:00:00 AM","Jun 3, 2029 11:59:59 PM",,147190437.15,Delhi,EAST DELHI,Harsh Malhotra,,
Gujarat,2,18th Lok Sabha,194.0,Hasmukh Bhai Soma Bhai Patel,Lok Sabha,AHMEDABAD EAST,147000000.0,"Jun 4, 2024 12:00:00 AM","Jun 3, 2029 11:59:59 PM",,147056254.82,Gujarat,AHMEDABAD EAST,Hasmukh Bhai Soma Bhai Patel,,
Uttar Pradesh,2,18th Lok Sabha,195.0,IMRAN MASOOD,Lok Sabha,SAHARANPUR,147000000.0,"Jun 4, 2024 12:00:00 AM","Jun 3, 2029 11:59:59 PM",,147056254.82,Uttar Pradesh,SAHARANPUR,IMRAN MASOOD,,
Sikkim,2,18th Lok Sabha,196.0,Indra Hang Subba,Lok Sabha,SIKKIM,152003923.11,"Jun 4, 2024 12:00:00 AM","Jun 3, 2029 11:59:59 PM",,152062092.86,Sikkim,SIKKIM,Indra Hang Subba,,
Uttar Pradesh,2,18th Lok Sabha,197.0,IQRA CHOUDHARY,Lok Sabha,KAIRANA,147000000.0,"Jun 4, 2024 12:00:00 AM","Jun 3, 2029 11:59:59 PM",,147056254.82,Uttar Pradesh,KAIRANA,IQRA CHOUDHARY,,
West Bengal,2,18th Lok Sabha,198.0,ISHA KHAN CHOUDHURY,Lok Sabha,MALDAHA DAKSHIN,147000000.0,"Jun 4, 2024 12:00:00 AM","Jun 3, 2029 11:59:59 PM",,147056254.82,West Bengal,MALDAHA DAKSHIN,ISHA KHAN CHOUDHURY,,
West Bengal,2,18th Lok Sabha,199.0,JAGADISH CHANDRA BARMA BASUNIA,Lok Sabha,COOCHBEHAR(SC),168604641.11,"Jun 4, 2024 12:00:00 AM","Jun 3, 2029 11:59:59 PM",,168669163.72,West Bengal,COOCHBEHAR(SC),JAGADISH CHANDRA BARMA BASUNIA,,
Karnataka,2,18th Lok Sabha,200.0,JAGADISH SHETTAR,Lok Sabha,BELGAUM,147000000.0,"Jun 4, 2024 12:00:00 AM","Jun 3, 2029 11:59:59 PM",,147056254.82,Karnataka,BELGAUM,JAGADISH SHETTAR,,
West Bengal,2,18th Lok Sabha,201.0,Jagannath Sarkar,Lok Sabha,RANAGHAT(SC),147000000.0,"Jun 4, 2024 12:00:00 AM","Jun 3, 2029 11:59:59 PM",,147056254.82,West Bengal,RANAGHAT(SC),Jagannath Sarkar,,
Uttar Pradesh,2,18th Lok Sabha,202.0,Jagdambika Pal,Lok Sabha,DOMARIYAGANJ,160643957.11,"Jun 4, 2024 12:00:00 AM","Jun 3, 2029 11:59:59 PM",,160705433.28,Uttar Pradesh,DOMARIYAGANJ,Jagdambika Pal,,
Haryana,2,18th Lok Sabha,203.0,JAI PARKASH,Lok Sabha,HISAR,147000000.0,"Jun 4, 2024 12:00:00 AM","Jun 3, 2029 11:59:59 PM",,147056254.82,Haryana,HISAR,JAI PARKASH,,
Uttar Pradesh,2,18th Lok Sabha,204.0,Jai Prakash,Lok Sabha,HARDOI (SC),147000000.0,"Jun 4, 2024 12:00:00 AM","Jun 3, 2029 11:59:59 PM",,147056254.82,Uttar Pradesh,HARDOI (SC),Jai Prakash,,
Madhya Pradesh,2,18th Lok Sabha,205.0,Janardan Mishra,Lok Sabha,REWA,147000000.0,"Jun 4, 2024 12:00:00 AM","Jun 3, 2029 11:59:59 PM",,147056254.82,Madhya Pradesh,REWA,Janardan Mishra,,
Gujarat,2,18th Lok Sabha,206.0,JASHUBHAI BHILUBHAI RATHVA,Lok Sabha,CHHOTA UDAIPUR(ST),147000000.0,"Jun 4, 2024 12:00:00 AM","Jun 3, 2029 11:59:59 PM",,147056254.82,Gujarat,CHHOTA UDAIPUR(ST),JASHUBHAI BHILUBHAI RATHVA,,
Gujarat,2,18th Lok Sabha,207.0,Jaswantsinh Sumanbhai Bhabhor,Lok Sabha,DAHOD(ST),147000000.0,"Jun 4, 2024 12:00:00 AM","Jun 3, 2029 11:59:59 PM",,147056254.82,Gujarat,DAHOD(ST),Jaswantsinh Sumanbhai Bhabhor,,
Bihar,2,18th Lok Sabha,208.0,JITAN RAM MANJHI,Lok Sabha,GAYA (SC),147000000.0,"Jun 4, 2024 12:00:00 AM","Jun 3, 2029 11:59:59 PM",,147056254.82,Bihar,GAYA (SC),JITAN RAM MANJHI,,
Uttar Pradesh,2,18th Lok Sabha,209.0,JITENDRA KUMAR DOHARE,Lok Sabha,ETAWAH(SC),188747306.26,"Jun 4, 2024 12:00:00 AM","Jun 3, 2029 11:59:59 PM",,188819537.18,Uttar Pradesh,ETAWAH(SC),JITENDRA KUMAR DOHARE,,
Jammu And Kashmir,2,18th Lok Sabha,210.0,Jitendra Singh,Lok Sabha,UDHAMPUR,147000000.0,"Jun 4, 2024 12:00:00 AM","Jun 3, 2029 11:59:59 PM",,147056254.82,Jammu And Kashmir,UDHAMPUR,Jitendra Singh,,
Uttar Pradesh,2,18th Lok Sabha,211.0,JITIN PRASADA,Lok Sabha,PILIBHIT,147000000.0,"Jun 4, 2024 12:00:00 AM","Jun 3, 2029 11:59:59 PM",,147056254.82,Uttar Pradesh,PILIBHIT,JITIN PRASADA,,
Jharkhand,2,18th Lok Sabha,212.0,JOBA MAJHI,Lok Sabha,SINGHBHUM(ST),147000000.0,"Jun 4, 2024 12:00:00 AM","Jun 3, 2029 11:59:59 PM",,147056254.82,Jharkhand,SINGHBHUM(ST),JOBA MAJHI,,
Assam,2,18th Lok Sabha,213.0,JOYANTA BASUMATARY,Lok Sabha,KOKRAJHAR (ST),147000000.0,"Jun 4, 2024 12:00:00 AM","Jun 3, 2029 11:59:59 PM",,147056254.82,Assam,KOKRAJHAR (ST),JOYANTA BASUMATARY,,
West Bengal,2,18th Lok Sabha,214.0,JUNE MALIAH,Lok Sabha,MEDINIPUR,147000000.0,"Jun 4, 2024 12:00:00 AM","Jun 3, 2029 11:59:59 PM",,147056254.82,West Bengal,MEDINIPUR,JUNE MALIAH,,
Madhya Pradesh,2,18th Lok Sabha,215.0,JYOTIRADITYA M. SCINDIA,Lok Sabha,GUNA,147000000.0,"Jun 4, 2024 12:00:00 AM","Jun 3, 2029 12:00:00 AM",,147056254.82,Madhya Pradesh,GUNA,JYOTIRADITYA M. SCINDIA,,
Chhattisgarh,2,18th Lok Sabha,216.0,Jyotsna Charandas Mahant ,Lok Sabha,KORBA,155153738.11,"Jun 4, 2024 12:00:00 AM","Jun 3, 2029 11:59:59 PM",,155213113.25,Chhattisgarh,KORBA,Jyotsna Charandas Mahant ,,
Tamil Nadu,2,18th Lok Sabha,217.0,K E PRAKASH,Lok Sabha,ERODE,147000000.0,"Jun 4, 2024 12:00:00 AM","Jun 3, 2029 11:59:59 PM",,147056254.82,Tamil Nadu,ERODE,K E PRAKASH,,
Kerala,2,18th Lok Sabha,218.0,K RADHAKRISHNAN,Lok Sabha,ALATHUR(SC),147000000.0,"Jun 4, 2024 12:00:00 AM","Jun 3, 2029 11:59:59 PM",,147056254.82,Kerala,ALATHUR(SC),K RADHAKRISHNAN,,
Tamil Nadu,2,18th Lok Sabha,219.0,K Subbarayan,Lok Sabha,TIRUPPUR,147000000.0,"Jun 4, 2024 12:00:00 AM","Jun 3, 2029 11:59:59 PM",,147056254.82,Tamil Nadu,TIRUPPUR,K Subbarayan,,
Kerala,2,18th Lok Sabha,220.0,K. C VENUGOPAL,Lok Sabha,ALAPPUZHA,147000000.0,"Jun 4, 2024 12:00:00 AM","Jun 3, 2029 11:59:59 PM",,147056254.82,Kerala,ALAPPUZHA,K. C VENUGOPAL,,
Karnataka,2,18th Lok Sabha,221.0,K. RAJASHEKAR BASAVARAJ HITNAL,Lok Sabha,KOPPAL,147000000.0,"Jun 4, 2024 12:00:00 AM","Jun 3, 2029 11:59:59 PM",,147056254.82,Karnataka,KOPPAL,K. RAJASHEKAR BASAVARAJ HITNAL,,
Telangana,2,18th Lok Sabha,222.0,KADIYAM KAVYA,Lok Sabha,WARANGEL(SC),147000000.0,"Jun 4, 2024 12:00:00 AM","Jun 3, 2029 11:59:59 PM",,147056254.82,Telangana,WARANGEL(SC),KADIYAM KAVYA,,
West Bengal,2,18th Lok Sabha,223.0,Kakoli Ghosh Dastidar ,Lok Sabha,BARASAT,147000000.0,"Jun 4, 2024 12:00:00 AM","Jun 3, 2029 11:59:59 PM",,147056254.82,West Bengal,BARASAT,Kakoli Ghosh Dastidar ,,
The Dadra And Nagar Haveli And Daman And Diu,2,18th Lok Sabha,224.0,Kalaben Mohanbhai Delkar,Lok Sabha,DADRA & NAGAR HAVELI (ST),269500000.0,"Jun 4, 2024 12:00:00 AM","Jun 3, 2029 11:59:59 PM",,269603133.84,The Dadra And Nagar Haveli And Daman And Diu,DADRA & NAGAR HAVELI (ST),Kalaben Mohanbhai Delkar,,
Tamil Nadu,2,18th Lok Sabha,225.0,Kalanidhi Veeraswamy,Lok Sabha,CHENNAI NORTH,171500000.0,"Jun 4, 2024 12:00:00 AM","Jun 3, 2029 11:59:59 PM",,171565630.62,Tamil Nadu,CHENNAI NORTH,Kalanidhi Veeraswamy,,
Jharkhand,2,18th Lok Sabha,226.0,KALI CHARAN MUNDA,Lok Sabha,KHUNTI(ST),147000000.0,"Jun 4, 2024 12:00:00 AM","Jun 3, 2029 11:59:59 PM",,147056254.82,Jharkhand,KHUNTI(ST),KALI CHARAN MUNDA,,
Jharkhand,2,18th Lok Sabha,227.0,KALI CHARAN SINGH,Lok Sabha,CHATRA,147000000.0,"Jun 4, 2024 12:00:00 AM","Jun 3, 2029 11:59:59 PM",,147056254.82,Jharkhand,CHATRA,KALI CHARAN SINGH,,
West Bengal,2,18th Lok Sabha,228.0,KALIPADA SAREN,Lok Sabha,JHARGRAM(ST),147000000.0,"Jun 4, 2024 12:00:00 AM","Jun 3, 2029 11:59:59 PM",,147056254.82,West Bengal,JHARGRAM(ST),KALIPADA SAREN,,
West Bengal,2,18th Lok Sabha,229.0,Kalyan Banerjee,Lok Sabha,SREERAMPUR,147000000.0,"Jun 4, 2024 12:00:00 AM","Jun 3, 2029 11:59:59 PM",,147056254.82,West Bengal,SREERAMPUR,Kalyan Banerjee,,
Maharashtra,2,18th Lok Sabha,230.0,KALYAN VAIJINATHRAO KALE,Lok Sabha,JALNA,147000000.0,"Jun 4, 2024 12:00:00 AM","Jun 3, 2029 11:59:59 PM",,147056254.82,Maharashtra,JALNA,KALYAN VAIJINATHRAO KALE,,
Assam,2,18th Lok Sabha,231.0,KAMAKHYA PRASAD TASA,Lok Sabha,Kaziranga,147000000.0,"Jun 4, 2024 12:00:00 AM","Jun 3, 2029 11:59:59 PM",,147056254.82,Assam,Kaziranga,KAMAKHYA PRASAD TASA,,
Delhi,2,18th Lok Sabha,232.0,Kamaljeet Sehrawat,Lok Sabha,WEST DELHI,147000000.0,"Jun 4, 2024 12:00:00 AM","Jun 3, 2029 11:59:59 PM",,147056254.82,Delhi,WEST DELHI,Kamaljeet Sehrawat,,
Chhattisgarh,2,18th Lok Sabha,233.0,KAMLESH JANGDE,Lok Sabha,JANJGIR CHAMPA(SC),150384382.11,"Jun 4, 2024 12:00:00 AM","Jun 3, 2029 11:59:59 PM",,150441932.09,Chhattisgarh,JANJGIR CHAMPA(SC),KAMLESH JANGDE,,
Uttar Pradesh,2,18th Lok Sabha,234.0,Kamlesh Paswan,Lok Sabha,BANSGAON(SC),147000000.0,"Jun 4, 2024 12:00:00 AM","Jun 3, 2029 11:59:59 PM",,147056254.82,Uttar Pradesh,BANSGAON(SC),Kamlesh Paswan,,
Himachal Pradesh,2,18th Lok Sabha,235.0,Kangana Ranaut,Lok Sabha,MANDI,147000000.0,"Jun 4, 2024 12:00:00 AM","Jun 3, 2029 11:59:59 PM",,147056254.82,Himachal Pradesh,MANDI,Kangana Ranaut,,
Tamil Nadu,2,18th Lok Sabha,236.0,Kani K Navas,Lok Sabha,RAMANATHAPURAM,147000000.0,"Jun 4, 2024 12:00:00 AM","Jun 3, 2029 11:59:59 PM",,147056254.82,Tamil Nadu,RAMANATHAPURAM,Kani K Navas,,
Tamil Nadu,2,18th Lok Sabha,237.0,Kanimozhi Karunanidhi,Lok Sabha,THOOTHUKKUDI,147000000.0,"Jun 4, 2024 12:00:00 AM","Jun 3, 2029 11:59:59 PM",,147056254.82,Tamil Nadu,THOOTHUKKUDI,Kanimozhi Karunanidhi,,
Uttar Pradesh,2,18th Lok Sabha,238.0,KANWAR SINGH TANWAR,Lok Sabha,AMROHA,147000000.0,"Jun 4, 2024 12:00:00 AM","Jun 3, 2029 12:00:00 AM",,147056254.82,Uttar Pradesh,AMROHA,KANWAR SINGH TANWAR,,
Uttar Pradesh,2,18th Lok Sabha,239.0,KARAN BHUSHAN SINGH,Lok Sabha,KAISERGANJ,147000000.0,"Jun 4, 2024 12:00:00 AM","Jun 3, 2029 11:59:59 PM",,147056254.82,Uttar Pradesh,KAISERGANJ,KARAN BHUSHAN SINGH,,
West Bengal,2,18th Lok Sabha,240.0,KARTICK CHANDRA PAUL,Lok Sabha,RAIGANJ,202677986.56,"Jun 4, 2024 12:00:00 AM","Jun 3, 2029 11:59:59 PM",,202755548.56,West Bengal,RAIGANJ,KARTICK CHANDRA PAUL,,
Bihar,2,18th Lok Sabha,241.0,Kaushalendra Kumar,Lok Sabha,NALANDA,147000000.0,"Jun 4, 2024 12:00:00 AM","Jun 3, 2029 11:59:59 PM",,147056254.82,Bihar,NALANDA,Kaushalendra Kumar,,
West Bengal,2,18th Lok Sabha,242.0,Khagen Murmu,Lok Sabha,MALDAHA UTTAR,147000000.0,"Jun 4, 2024 12:00:00 AM","Jun 3, 2029 11:59:59 PM",,147056254.82,West Bengal,MALDAHA UTTAR,Khagen Murmu,,
West Bengal,2,18th Lok Sabha,243.0,Khalilur Rahaman ,Lok Sabha,JANGIPUR,147000000.0,"Jun 4, 2024 12:00:00 AM","Jun 3, 2029 11:59:59 PM",,147056254.82,West Bengal,JANGIPUR,Khalilur Rahaman ,,
Andhra Pradesh,2,18th Lok Sabha,244.0,Kinjarapu Ram Mohan Naidu,Lok Sabha,SRIKAKULAM,171200630.11,"Jun 4, 2024 12:00:00 AM","Jun 3, 2029 11:59:59 PM",,171266146.17,Andhra Pradesh,SRIKAKULAM,Kinjarapu Ram Mohan Naidu,,
Arunachal Pradesh,2,18th Lok Sabha,245.0,Kiren Rijiju,Lok Sabha,ARUNACHAL WEST,147000000.0,"Jun 4, 2024 12:00:00 AM","Jun 3, 2029 11:59:59 PM",,147056254.82,Arunachal Pradesh,ARUNACHAL WEST,Kiren Rijiju,,
Uttar Pradesh,2,18th Lok Sabha,246.0,Kirti Vardhan Singh,Lok Sabha,GONDA,147000000.0,"Jun 4, 2024 12:00:00 AM","Jun 3, 2029 12:00:00 AM",,147056254.82,Uttar Pradesh,GONDA,Kirti Vardhan Singh,,
Telangana,2,18th Lok Sabha,247.0,Kishan Reddy Gangapuram,Lok Sabha,SECUNDERABAD,147000000.0,"Jun 4, 2024 12:00:00 AM","Jun 3, 2029 11:59:59 PM",,147056254.82,Telangana,SECUNDERABAD,Kishan Reddy Gangapuram,,
Uttar Pradesh,2,18th Lok Sabha,248.0,KISHORI LAL,Lok Sabha,AMETHI,171500000.0,"Jun 4, 2024 12:00:00 AM","Jun 3, 2029 11:59:59 PM",,171565630.62,Uttar Pradesh,AMETHI,KISHORI LAL,,
Telangana,2,18th Lok Sabha,249.0,KONDA VISHWESHWAR REDDY,Lok Sabha,CHELVELLA,233721420.96,"Jun 4, 2024 12:00:00 AM","Jun 3, 2029 11:59:59 PM",,233810862.84,Telangana,CHELVELLA,KONDA VISHWESHWAR REDDY,,
Karnataka,2,18th Lok Sabha,250.0,KOTA SRINIVAS POOJARY,Lok Sabha,UDUPI CHIKMAGALUR,151126112.11,"Jun 4, 2024 12:00:00 AM","Jun 3, 2029 11:59:59 PM",,151183945.93,Karnataka,UDUPI CHIKMAGALUR,KOTA SRINIVAS POOJARY,,
Assam,2,18th Lok Sabha,251.0,Kripanath Mallah,Lok Sabha,KARIMGANJ (SC),147000000.0,"Jun 4, 2024 12:00:00 AM","Jun 3, 2029 11:59:59 PM",,147056254.82,Assam,KARIMGANJ (SC),Kripanath Mallah,,
Haryana,2,18th Lok Sabha,252.0,Krishan Pal Gurjar,Lok Sabha,FARIDABAD,147000000.0,"Jun 4, 2024 12:00:00 AM","Jun 3, 2029 12:00:00 AM",,147056254.82,Haryana,FARIDABAD,Krishan Pal Gurjar,,
Uttar Pradesh,2,18th Lok Sabha,253.0,KRISHNA DEVI SHIVSHANKER PATEL,Lok Sabha,BANDA,147000000.0,"Jun 4, 2024 12:00:00 AM","Jun 3, 2029 11:59:59 PM",,147056254.82,Uttar Pradesh,BANDA,KRISHNA DEVI SHIVSHANKER PATEL,,
Andhra Pradesh,2,18th Lok Sabha,254.0,Krishna Prasad Tenneti,Lok Sabha,BAPATLA,167796849.11,"Jun 4, 2024 12:00:00 AM","Jun 3, 2029 11:59:59 PM",,167861062.59,Andhra Pradesh,BAPATLA,Krishna Prasad Tenneti,,
Tripura,2,18th Lok Sabha,255.0,KRITI DEVI DEBBARMAN,Lok Sabha,TRIPURA EAST(ST),147000000.0,"Jun 4, 2024 12:00:00 AM","Jun 3, 2029 11:59:59 PM",,147056254.82,Tripura,TRIPURA EAST(ST),KRITI DEVI DEBBARMAN,,
Rajasthan,2,18th Lok Sabha,256.0,KULDEEP INDORA,Lok Sabha,GANGANAGAR(SC),147000000.0,"Jun 4, 2024 12:00:00 AM","Jun 3, 2029 11:59:59 PM",,147056254.82,Rajasthan,GANGANAGAR(SC),KULDEEP INDORA,,
Telangana,2,18th Lok Sabha,257.0,KUNDURU RAGHUVEER,Lok Sabha,NALGONDA,162952022.0,"Jun 4, 2024 12:00:00 AM","Jun 3, 2029 11:59:59 PM",,163014381.43,Telangana,NALGONDA,KUNDURU RAGHUVEER,,
Uttar Pradesh,2,18th Lok Sabha,258.0,LALJI VERMA,Lok Sabha,AMBEDKAR NAGAR,147000000.0,"Jun 4, 2024 12:00:00 AM","Jun 3, 2029 11:59:59 PM",,147056254.82,Uttar Pradesh,AMBEDKAR NAGAR,LALJI VERMA,,
Andhra Pradesh,2,18th Lok Sabha,259.0,Lavu Sri Krishna Devarayalu,Lok Sabha,NARASARAOPET,174009663.11,"Jun 4, 2024 12:00:00 AM","Jun 3, 2029 11:59:59 PM",,174076254.15,Andhra Pradesh,NARASARAOPET,Lavu Sri Krishna Devarayalu,,
Uttar Pradesh,2,18th Lok Sabha,260.0,LAXMIKANT PAPPU NISHAD,Lok Sabha,SANT KABIR NAGAR,147000000.0,"Jun 4, 2024 12:00:00 AM","Jun 3, 2029 11:59:59 PM",,147056254.82,Uttar Pradesh,SANT KABIR NAGAR,LAXMIKANT PAPPU NISHAD,,
Bihar,2,18th Lok Sabha,261.0,LOVELY ANAND,Lok Sabha,SHEOHAR,147000000.0,"Jun 4, 2024 12:00:00 AM","Jun 3, 2029 12:00:00 AM",,147056254.82,Bihar,SHEOHAR,LOVELY ANAND,,
Rajasthan,2,18th Lok Sabha,262.0,LUMBARAM,Lok Sabha,JALORE,147000000.0,"Jun 4, 2024 12:00:00 AM","Jun 3, 2029 11:59:59 PM",,147056254.82,Rajasthan,JALORE,LUMBARAM,,
Karnataka,2,18th Lok Sabha,263.0,M. MALLESH BABU,Lok Sabha,KOLAR(SC),147065957.11,"Jun 4, 2024 12:00:00 AM","Jun 3, 2029 11:59:59 PM",,147122237.17,Karnataka,KOLAR(SC),M. MALLESH BABU,,
Tamil Nadu,2,18th Lok Sabha,264.0,M.K. VISHNUPRASAD,Lok Sabha,CUDDALORE,147000000.0,"Jun 4, 2024 12:00:00 AM","Jun 3, 2029 11:59:59 PM",,147056254.82,Tamil Nadu,CUDDALORE,M.K. VISHNUPRASAD,,
Andhra Pradesh,2,18th Lok Sabha,265.0,Maddila Gurumoorthy,Lok Sabha,TIRUPATI(SC),180399007.0,"Jun 4, 2024 12:00:00 AM","Jun 3, 2029 11:59:59 PM",,180468043.15,Andhra Pradesh,TIRUPATI(SC),Maddila Gurumoorthy,,
Telangana,2,18th Lok Sabha,266.0,MADHAVANENI RAGHUNANDAN RAO,Lok Sabha,MEDAK,147000000.0,"Jun 4, 2024 12:00:00 AM","Jun 3, 2029 11:59:59 PM",,147056254.82,Telangana,MEDAK,MADHAVANENI RAGHUNANDAN RAO,,
Andhra Pradesh,2,18th Lok Sabha,267.0,Magunta Sreenivasulu Reddy,Lok Sabha,ONGOLE,147000000.0,"Jun 4, 2024 12:00:00 AM","Jun 3, 2029 12:00:00 AM",,147056254.82,Andhra Pradesh,ONGOLE,Magunta Sreenivasulu Reddy,,
Madhya Pradesh,2,18th Lok Sabha,268.0,Mahendra Singh Solanky,Lok Sabha,DEWAS(SC),147000000.0,"Jun 4, 2024 12:00:00 AM","Jun 3, 2029 11:59:59 PM",,147056254.82,Madhya Pradesh,DEWAS(SC),Mahendra Singh Solanky,,
Chhattisgarh,2,18th Lok Sabha,269.0,MAHESH KASHYAP,Lok Sabha,BASTAR(ST),147000000.0,"Jun 4, 2024 12:00:00 AM","Jun 3, 2029 11:59:59 PM",,147056254.82,Chhattisgarh,BASTAR(ST),MAHESH KASHYAP,,
Uttar Pradesh,2,18th Lok Sabha,270.0,Mahesh Sharma,Lok Sabha,GAUTAM BUDDHA NAGAR,148816284.11,"Jun 4, 2024 12:00:00 AM","Jun 3, 2029 11:59:59 PM",,148873234.0,Uttar Pradesh,GAUTAM BUDDHA NAGAR,Mahesh Sharma,,
Rajasthan,2,18th Lok Sabha,271.0,MAHIMA KUMARI MEWAR,Lok Sabha,RAJSAMAND,183892143.0,"Jun 4, 2024 12:00:00 AM","Jun 3, 2029 11:59:59 PM",,183962515.92,Rajasthan,RAJSAMAND,MAHIMA KUMARI MEWAR,,
Uttarakhand,2,18th Lok Sabha,272.0,Mala Rajya Laxmi Shah ,Lok Sabha,TEHRI GARHWAL,147000000.0,"Jun 4, 2024 12:00:00 AM","Jun 3, 2029 11:59:59 PM",,147056254.82,Uttarakhand,TEHRI GARHWAL,Mala Rajya Laxmi Shah ,,
West Bengal,2,18th Lok Sabha,273.0,Mala Roy ,Lok Sabha,KOLKATA DAKSHIN,147000000.0,"Jun 4, 2024 12:00:00 AM","Jun 3, 2029 11:59:59 PM",,147056254.82,West Bengal,KOLKATA DAKSHIN,Mala Roy ,,
Tamil Nadu,2,18th Lok Sabha,274.0,MALAIYARASAN D,Lok Sabha,KALLAKURICHI,201599593.0,"Jun 4, 2024 12:00:00 AM","Jun 3, 2029 11:59:59 PM",,201676742.31,Tamil Nadu,KALLAKURICHI,MALAIYARASAN D,,
Odisha,2,18th Lok Sabha,275.0,MALVIKA DEVI,Lok Sabha,KALAHANDI,147000000.0,"Jun 4, 2024 12:00:00 AM","Jun 3, 2029 11:59:59 PM",,147056254.82,Odisha,KALAHANDI,MALVIKA DEVI,,
Punjab,2,18th Lok Sabha,276.0,MALVINDER SINGH KANG,Lok Sabha,ANANDPUR SAHIB,147000000.0,"Jun 4, 2024 12:00:00 AM","Jun 3, 2029 11:59:59 PM",,147056254.82,Punjab,ANANDPUR SAHIB,MALVINDER SINGH KANG,,
Tamil Nadu,2,18th Lok Sabha,277.0,MANI. A.,Lok Sabha,DHARAMAPURI,164515071.11,"Jun 4, 2024 12:00:00 AM","Jun 3, 2029 11:59:59 PM",,164578028.7,Tamil Nadu,DHARAMAPURI,MANI. A.,,
Tamil Nadu,2,18th Lok Sabha,278.0,Manickam Tagore B,Lok Sabha,VIRUDHUNAGAR,147000000.0,"Jun 4, 2024 12:00:00 AM","Jun 3, 2029 11:59:59 PM",,147056254.82,Tamil Nadu,VIRUDHUNAGAR,Manickam Tagore B,,
Jharkhand,2,18th Lok Sabha,279.0,MANISH JAISWAL,Lok Sabha,HAZARIBAGH,147000000.0,"Jun 4, 2024 12:00:00 AM","Jun 3, 2029 11:59:59 PM",,147056254.82,Jharkhand,HAZARIBAGH,MANISH JAISWAL,,
Chandigarh,2,18th Lok Sabha,280.0,MANISH TEWARI,Lok Sabha,CHANDIGARH,178351443.75,"Jun 4, 2024 12:00:00 AM","Jun 3, 2029 11:59:59 PM",,178419696.32,Chandigarh,CHANDIGARH,MANISH TEWARI,,
Rajasthan,2,18th Lok Sabha,281.0,MANJU SHARMA,Lok Sabha,JAIPUR,167082901.11,"Jun 4, 2024 12:00:00 AM","Jun 3, 2029 11:59:59 PM",,167146841.37,Rajasthan,JAIPUR,MANJU SHARMA,,
Rajasthan,2,18th Lok Sabha,282.0,MANNA LAL RAWAT,Lok Sabha,UDAIPUR(ST),147000000.0,"Jun 4, 2024 12:00:00 AM","Jun 3, 2029 11:59:59 PM",,147056254.82,Rajasthan,UDAIPUR(ST),MANNA LAL RAWAT,,
Haryana,2,18th Lok Sabha,283.0,MANOHAR LAL,Lok Sabha,KARNAL,147000000.0,"Jun 4, 2024 12:00:00 AM","Jun 3, 2029 11:59:59 PM",,147056254.82,Haryana,KARNAL,MANOHAR LAL,,
Bihar,2,18th Lok Sabha,284.0,MANOJ KUMAR,Lok Sabha,SASARAM(SC),147000000.0,"Jun 4, 2024 12:00:00 AM","Jun 3, 2029 11:59:59 PM",,147056254.82,Bihar,SASARAM(SC),MANOJ KUMAR,,
West Bengal,2,18th Lok Sabha,285.0,MANOJ TIGGA,Lok Sabha,ALIPURDUARS(ST),147000000.0,"Jun 4, 2024 12:00:00 AM","Jun 3, 2029 11:59:59 PM",,147056254.82,West Bengal,ALIPURDUARS(ST),MANOJ TIGGA,,
Delhi,2,18th Lok Sabha,286.0,Manoj Tiwari,Lok Sabha,NORTH EAST DELHI,225843858.0,"Jun 4, 2024 12:00:00 AM","Jun 3, 2029 11:59:59 PM",,225930285.25,Delhi,NORTH EAST DELHI,Manoj Tiwari,,
Gujarat,2,18th Lok Sabha,287.0,Mansukhbhai Dhanjibhai Vasava,Lok Sabha,BHARUCH,147000000.0,"Jun 4, 2024 12:00:00 AM","Jun 3, 2029 11:59:59 PM",,147056254.82,Gujarat,BHARUCH,Mansukhbhai Dhanjibhai Vasava,,
Jammu And Kashmir,2,18th Lok Sabha,288.0,MIAN ALTAF AHMAD,Lok Sabha,ANANTNAG,147000000.0,"Jun 4, 2024 12:00:00 AM","Jun 3, 2029 11:59:59 PM",,147056254.82,Jammu And Kashmir,ANANTNAG,MIAN ALTAF AHMAD,,
Andhra Pradesh,2,18th Lok Sabha,289.0,Midhun Reddy,Lok Sabha,RAJAMPET,178951477.11,"Jun 4, 2024 12:00:00 AM","Jun 3, 2029 11:59:59 PM",,179019959.31,Andhra Pradesh,RAJAMPET,Midhun Reddy,,
Bihar,2,18th Lok Sabha,290.0,MISHA BHARTI,Lok Sabha,PATALIPUTRA,147000000.0,"Jun 4, 2024 12:00:00 AM","Jun 3, 2029 11:59:59 PM",,147056254.82,Bihar,PATALIPUTRA,MISHA BHARTI,,
Gujarat,2,18th Lok Sabha,291.0,Mitesh Rameshbhai Bakabhai Patel,Lok Sabha,ANAND,147000000.0,"Jun 4, 2024 12:00:00 AM","Jun 3, 2029 11:59:59 PM",,147056254.82,Gujarat,ANAND,Mitesh Rameshbhai Bakabhai Patel,,
Ladakh,2,18th Lok Sabha,292.0,Mohamed Haneefa,Lok Sabha,LADAKH,161114542.0,"Jun 4, 2024 12:00:00 AM","Jun 3, 2029 12:00:00 AM",,161176198.26,Ladakh,LADAKH,Mohamed Haneefa,,
Uttar Pradesh,2,18th Lok Sabha,293.0,MOHIBBULLAH,Lok Sabha,RAMPUR,147000000.0,"Jun 4, 2024 12:00:00 AM","Jun 3, 2029 11:59:59 PM",,147056254.82,Uttar Pradesh,RAMPUR,MOHIBBULLAH,,
Maharashtra,2,18th Lok Sabha,294.0,MOHITE PATIL DHAIRYASHEEL RAJSINH,Lok Sabha,MADHA,195613601.7,"Jun 4, 2024 12:00:00 AM","Jun 3, 2029 11:59:59 PM",,195688460.26,Maharashtra,MADHA,MOHITE PATIL DHAIRYASHEEL RAJSINH,,
Bihar,2,18th Lok Sabha,295.0,Mr Gopal Jee Thakur,Lok Sabha,DARBHANGA,147000000.0,"Jun 4, 2024 12:00:00 AM","Jun 3, 2029 11:59:59 PM",,147056254.82,Bihar,DARBHANGA,Mr Gopal Jee Thakur,,
West Bengal,2,18th Lok Sabha,296.0,Ms Mahua Moitra,Lok Sabha,KRISHNANAGAR,159865046.0,"Jun 4, 2024 12:00:00 AM","Jun 3, 2029 11:59:59 PM",,159926224.09,West Bengal,KRISHNANAGAR,Ms Mahua Moitra,,
Lakshadweep,2,18th Lok Sabha,297.0,MUHAMMED HAMDULLAH SAYEED,Lok Sabha,LAKSHADWEEP(ST),153942460.41,"Jun 4, 2024 12:00:00 AM","Jun 3, 2029 11:59:59 PM",,154001372.01,Lakshadweep,LAKSHADWEEP(ST),MUHAMMED HAMDULLAH SAYEED,,
Uttar Pradesh,2,18th Lok Sabha,298.0,Mukesh Rajput,Lok Sabha,FARRUKHABAD,147000000.0,"Jun 4, 2024 12:00:00 AM","Jun 3, 2029 11:59:59 PM",,147056254.82,Uttar Pradesh,FARRUKHABAD,Mukesh Rajput,,
Gujarat,2,18th Lok Sabha,299.0,MUKESHKUMAR CHANDRAKAANT DALAL,Lok Sabha,SURAT,147000000.0,"Jun 4, 2024 12:00:00 AM","Jun 3, 2029 11:59:59 PM",,147056254.82,Gujarat,SURAT,MUKESHKUMAR CHANDRAKAANT DALAL,,
Rajasthan,2,18th Lok Sabha,300.0,MURARI LAL MEENA,Lok Sabha,DAUSA(ST),147000000.0,"Jun 4, 2024 12:00:00 AM","Jun 3, 2029 11:59:59 PM",,147056254.82,Rajasthan,DAUSA(ST),MURARI LAL MEENA,,
Tamil Nadu,2,18th Lok Sabha,301.0,MURASOLI S,Lok Sabha,THANJAVUR,147000000.0,"Jun 4, 2024 12:00:00 AM","Jun 3, 2029 11:59:59 PM",,147056254.82,Tamil Nadu,THANJAVUR,MURASOLI S,,
Maharashtra,2,18th Lok Sabha,302.0,MURLIDHAR MOHOL,Lok Sabha,PUNE,147000000.0,"Jun 4, 2024 12:00:00 AM","Jun 3, 2029 11:59:59 PM",,147056254.82,Maharashtra,PUNE,MURLIDHAR MOHOL,,
Odisha,2,18th Lok Sabha,303.0,NABA CHARAN MAJHI,Lok Sabha,MAYURBHANJ (ST),147563957.11,"Jun 4, 2024 12:00:00 AM","Jun 3, 2029 11:59:59 PM",,147620427.75,Odisha,MAYURBHANJ (ST),NABA CHARAN MAJHI,,
Jharkhand,2,18th Lok Sabha,304.0,NALIN SOREN,Lok Sabha,DUMKA(ST),147364097.11,"Jun 4, 2024 12:00:00 AM","Jun 3, 2029 11:59:59 PM",,147420491.26,Jharkhand,DUMKA(ST),NALIN SOREN,,
Uttar Pradesh,2,18th Lok Sabha,305.0,NARAYAN DAS AHIRWAR,Lok Sabha,JALAUN(SC),147000000.0,"Jun 4, 2024 12:00:00 AM","Jun 3, 2029 11:59:59 PM",,147056254.82,Uttar Pradesh,JALAUN(SC),NARAYAN DAS AHIRWAR,,
Maharashtra,2,18th Lok Sabha,306.0,NARAYAN TATU RANE,Lok Sabha,RATNAGIRI-SINDHUDURG,147000000.0,"Jun 4, 2024 12:00:00 AM","Jun 3, 2029 11:59:59 PM",,147056254.82,Maharashtra,RATNAGIRI-SINDHUDURG,NARAYAN TATU RANE,,
Uttar Pradesh,2,18th Lok Sabha,307.0,NARESH CHANDRA UTTAM PATEL,Lok Sabha,FATEHPUR,147000000.0,"Jun 4, 2024 12:00:00 AM","Jun 3, 2029 11:59:59 PM",,147056254.82,Uttar Pradesh,FATEHPUR,NARESH CHANDRA UTTAM PATEL,,
Maharashtra,2,18th Lok Sabha,308.0,NARESH GANPAT MHASKE,Lok Sabha,THANE,147000000.0,"Jun 4, 2024 12:00:00 AM","Jun 3, 2029 11:59:59 PM",,147056254.82,Maharashtra,THANE,NARESH GANPAT MHASKE,,
Haryana,2,18th Lok Sabha,309.0,NAVEEN JINDAL,Lok Sabha,KURUKSHETRA,147000000.0,"Jun 4, 2024 12:00:00 AM","Jun 3, 2029 11:59:59 PM",,147056254.82,Haryana,KURUKSHETRA,NAVEEN JINDAL,,
Uttar Pradesh,2,18th Lok Sabha,310.0,NEERAJ MAURYA,Lok Sabha,AONLA,147000000.0,"Jun 4, 2024 12:00:00 AM","Jun 3, 2029 11:59:59 PM",,147056254.82,Uttar Pradesh,AONLA,NEERAJ MAURYA,,
Maharashtra,2,18th Lok Sabha,311.0,NILESH DNYANDEV LANKE,Lok Sabha,AHMEDNAGAR,147000000.0,"Jun 4, 2024 12:00:00 AM","Jun 3, 2029 11:59:59 PM",,147056254.82,Maharashtra,AHMEDNAGAR,NILESH DNYANDEV LANKE,,
Gujarat,2,18th Lok Sabha,312.0,NIMUBEN JAYANTIBHAI BAMBHANIYA,Lok Sabha,BHAVNAGAR,147000000.0,"Jun 4, 2024 12:00:00 AM","Jun 3, 2029 11:59:59 PM",,147056254.82,Gujarat,BHAVNAGAR,NIMUBEN JAYANTIBHAI BAMBHANIYA,,
Jharkhand,2,18th Lok Sabha,313.0,Nishikant Dubey,Lok Sabha,GODDA,147000000.0,"Jun 4, 2024 12:00:00 AM","Jun 3, 2029 11:59:59 PM",,147056254.82,Jharkhand,GODDA,Nishikant Dubey,,
Maharashtra,2,18th Lok Sabha,314.0,Nitin Jairam Gadkari,Lok Sabha,NAGPUR,168195086.11,"Jun 4, 2024 12:00:00 AM","Jun 3, 2029 11:59:59 PM",,168259451.99,Maharashtra,NAGPUR,Nitin Jairam Gadkari,,
Bihar,2,18th Lok Sabha,315.0,Nityanand Rai,Lok Sabha,UJJARPUR,147000000.0,"Jun 4, 2024 12:00:00 AM","Jun 3, 2029 11:59:59 PM",,147056254.82,Bihar,UJJARPUR,Nityanand Rai,,
Rajasthan,2,18th Lok Sabha,316.0,Om Birla,Lok Sabha,KOTA,163906956.6,"Jun 4, 2024 12:00:00 AM","Jun 3, 2029 11:59:59 PM",,163969681.47,Rajasthan,KOTA,Om Birla,,
Maharashtra,2,18th Lok Sabha,317.0,Omprakash Bhupalsinh Alias Pawan Rajenimbalkar,Lok Sabha,OSMANABAD,184758519.11,"Jun 4, 2024 12:00:00 AM","Jun 3, 2029 11:59:59 PM",,184829223.58,Maharashtra,OSMANABAD,Omprakash Bhupalsinh Alias Pawan Rajenimbalkar,,
Karnataka,2,18th Lok Sabha,318.0,P C Mohan,Lok Sabha,BANGALORE CENTRAL,159995711.11,"Jun 4, 2024 12:00:00 AM","Jun 3, 2029 12:00:00 AM",,160056939.2,Karnataka,BANGALORE CENTRAL,P C Mohan,,
Uttar Pradesh,2,18th Lok Sabha,319.0,Pankaj Chowdhary,Lok Sabha,MAHARAJGANJ_UP,147000000.0,"Jun 4, 2024 12:00:00 AM","Jun 3, 2029 11:59:59 PM",,147056254.82,Uttar Pradesh,MAHARAJGANJ_UP,Pankaj Chowdhary,,
Assam,2,18th Lok Sabha,320.0,PARIMAL SUKLABAIDYA,Lok Sabha,SILCHAR,148300157.11,"Jun 4, 2024 12:00:00 AM","Jun 3, 2029 11:59:59 PM",,148356909.48,Assam,SILCHAR,PARIMAL SUKLABAIDYA,,
Gujarat,2,18th Lok Sabha,321.0,PARSHOTTAMBHAI RUPALA,Lok Sabha,RAJKOT,147000000.0,"Jun 4, 2024 12:00:00 AM","Jun 3, 2029 11:59:59 PM",,147056254.82,Gujarat,RAJKOT,PARSHOTTAMBHAI RUPALA,,
West Bengal,2,18th Lok Sabha,322.0,PARTHA BHOWMICK,Lok Sabha,BARRACKPUR,147000000.0,"Jun 4, 2024 12:00:00 AM","Jun 3, 2029 11:59:59 PM",,147056254.82,West Bengal,BARRACKPUR,PARTHA BHOWMICK,,
Karnataka,2,18th Lok Sabha,323.0,Parvatagouda Chandanagouda Gaddigoudar,Lok Sabha,BAGALKOT,167541747.11,"Jun 4, 2024 12:00:00 AM","Jun 3, 2029 11:59:59 PM",,167605862.97,Karnataka,BAGALKOT,Parvatagouda Chandanagouda Gaddigoudar,,
The Dadra And Nagar Haveli And Daman And Diu,2,18th Lok Sabha,324.0,PATEL UMESHBHAI BABUBHAI,Lok Sabha,DAMAN and DIU,245063957.0,"Jun 4, 2024 12:00:00 AM","Jun 3, 2029 11:59:59 PM",,245157739.51,The Dadra And Nagar Haveli And Daman And Diu,DAMAN and DIU,PATEL UMESHBHAI BABUBHAI,,
West Bengal,2,18th Lok Sabha,325.0,PATHAN YUSUF,Lok Sabha,BAHARAMPUR,147000000.0,"Jun 4, 2024 12:00:00 AM","Jun 3, 2029 11:59:59 PM",,147056254.82,West Bengal,BAHARAMPUR,PATHAN YUSUF,,
Assam,2,18th Lok Sabha,326.0,PHANI BHUSAN CHOUDHURY,Lok Sabha,BARPETA,147000000.0,"Jun 4, 2024 12:00:00 AM","Jun 3, 2029 11:59:59 PM",,147056254.82,Assam,BARPETA,PHANI BHUSAN CHOUDHURY,,
Maharashtra,2,18th Lok Sabha,327.0,Piyush Vedprakash Goyal,Lok Sabha,MUMBAI NORTH,147000000.0,"Jun 4, 2024 12:00:00 AM","Jun 3, 2029 11:59:59 PM",,147056254.82,Maharashtra,MUMBAI NORTH,Piyush Vedprakash Goyal,,
Andhra Pradesh,2,18th Lok Sabha,328.0,PRABHAKAR REDDY VEMIREDDY,Lok Sabha,NELLORE(SC),147000000.0,"Jun 4, 2024 12:00:00 AM","Jun 3, 2029 11:59:59 PM",,147056254.82,Andhra Pradesh,NELLORE(SC),PRABHAKAR REDDY VEMIREDDY,,
Gujarat,2,18th Lok Sabha,329.0,Prabhubhai Nagarbhai Vasava,Lok Sabha,BARDOLI(ST),147000000.0,"Jun 4, 2024 12:00:00 AM","Jun 3, 2029 11:59:59 PM",,147056254.82,Gujarat,BARDOLI(ST),Prabhubhai Nagarbhai Vasava,,
Assam,2,18th Lok Sabha,330.0,Pradan Baruah,Lok Sabha,LAKHIMPUR,147000000.0,"Jun 4, 2024 12:00:00 AM","Jun 3, 2029 11:59:59 PM",,147056254.82,Assam,LAKHIMPUR,Pradan Baruah,,
Bihar,2,18th Lok Sabha,331.0,Pradeep Kumar Singh,Lok Sabha,ARARIA,147000000.0,"Jun 4, 2024 12:00:00 AM","Jun 3, 2029 11:59:59 PM",,147056254.82,Bihar,ARARIA,Pradeep Kumar Singh,,
Odisha,2,18th Lok Sabha,332.0,PRADEEP PUROHIT,Lok Sabha,BARGARH,147000000.0,"Jun 4, 2024 12:00:00 AM","Jun 3, 2029 11:59:59 PM",,147056254.82,Odisha,BARGARH,PRADEEP PUROHIT,,
Assam,2,18th Lok Sabha,333.0,Pradyut Bordoloi,Lok Sabha,NOWGONG,98000000.0,"Jun 4, 2024 12:00:00 AM","Jun 3, 2029 11:59:59 PM",,98037503.21,Assam,NOWGONG,Pradyut Bordoloi,,
Karnataka,2,18th Lok Sabha,334.0,Pralhad Venkatesh Joshi,Lok Sabha,DHARWAD,154968555.11,"Jun 4, 2024 12:00:00 AM","Jun 3, 2029 11:59:59 PM",,155027859.38,Karnataka,DHARWAD,Pralhad Venkatesh Joshi,,
Maharashtra,2,18th Lok Sabha,335.0,PRANITI SUSHILKUMAR SHINDE,Lok Sabha,SOLAPUR(SC),147000000.0,"Jun 4, 2024 12:00:00 AM","Jun 3, 2029 11:59:59 PM",,147056254.82,Maharashtra,SOLAPUR(SC),PRANITI SUSHILKUMAR SHINDE,,
West Bengal,2,18th Lok Sabha,336.0,Prasun Banerjee,Lok Sabha,HOWRAH,147000000.0,"Jun 4, 2024 12:00:00 AM","Jun 3, 2029 11:59:59 PM",,147056254.82,West Bengal,HOWRAH,Prasun Banerjee,,
Odisha,2,18th Lok Sabha,337.0,Pratap Chandra Sarangi,Lok Sabha,BALASORE,147064254.11,"Jun 4, 2024 12:00:00 AM","Jun 3, 2029 11:59:59 PM",,147120533.52,Odisha,BALASORE,Pratap Chandra Sarangi,,
Maharashtra,2,18th Lok Sabha,338.0,Prataprao Jadhav,Lok Sabha,BULDHANA,147000000.0,"Jun 4, 2024 12:00:00 AM","Jun 3, 2029 11:59:59 PM",,147056254.82,Maharashtra,BULDHANA,Prataprao Jadhav,,
West Bengal,2,18th Lok Sabha,339.0,Pratima Mondal ,Lok Sabha,JOYNAGAR(SC),147000000.0,"Jun 4, 2024 12:00:00 AM","Jun 3, 2029 11:59:59 PM",,147056254.82,West Bengal,JOYNAGAR(SC),Pratima Mondal ,,
Delhi,2,18th Lok Sabha,340.0,Praveen Khandelwal,Lok Sabha,CHANDINI CHOWK,147470276.0,"Jun 4, 2024 12:00:00 AM","Jun 3, 2029 11:59:59 PM",,147526710.79,Delhi,CHANDINI CHOWK,Praveen Khandelwal,,
Uttar Pradesh,2,18th Lok Sabha,341.0,PRAVEEN PATEL,Lok Sabha,PHULPUR,151559884.09,"Jun 4, 2024 12:00:00 AM","Jun 3, 2029 11:59:59 PM",,151617883.91,Uttar Pradesh,PHULPUR,PRAVEEN PATEL,,
Uttar Pradesh,2,18th Lok Sabha,342.0,PRIYA SAROJ,Lok Sabha,MACHHLISHAHR(SC),147000000.0,"Jun 4, 2024 12:00:00 AM","Jun 3, 2029 11:59:59 PM",,147056254.82,Uttar Pradesh,MACHHLISHAHR(SC),PRIYA SAROJ,,
Kerala,2,18th Lok Sabha,343.0,Priyanka Gandhi Vadra,Lok Sabha,WAYANAD,122500000.0,"Nov 23, 2024 12:00:00 AM","Jun 3, 2029 11:59:59 PM",,122546879.02,Kerala,WAYANAD,Priyanka Gandhi Vadra,,
Karnataka,2,18th Lok Sabha,344.0,PRIYANKA SATISH JARKIHOLI,Lok Sabha,CHIKKODI,147000000.0,"Jun 4, 2024 12:00:00 AM","Jun 3, 2029 12:00:00 AM",,147056254.82,Karnataka,CHIKKODI,PRIYANKA SATISH JARKIHOLI,,
West Bengal,2,18th Lok Sabha,345.0,Prof Sougata Ray,Lok Sabha,DUM DUM,147000000.0,"Jun 4, 2024 12:00:00 AM","Jun 3, 2029 11:59:59 PM",,147056254.82,West Bengal,DUM DUM,Prof Sougata Ray,,
Uttar Pradesh,2,18th Lok Sabha,346.0,Prof SP Singh Baghel,Lok Sabha,AGRA(SC),147000000.0,"Jun 4, 2024 12:00:00 AM","Jun 3, 2029 11:59:59 PM",,147056254.82,Uttar Pradesh,AGRA(SC),Prof SP Singh Baghel,,
Uttar Pradesh,2,18th Lok Sabha,347.0,PUSHPENDRA SAROJ,Lok Sabha,KAUSHAMBI(SC),147000000.0,"Jun 4, 2024 12:00:00 AM","Jun 3, 2029 11:59:59 PM",,147056254.82,Uttar Pradesh,KAUSHAMBI(SC),PUSHPENDRA SAROJ,,
Andhra Pradesh,2,18th Lok Sabha,348.0,Putta Mahesh Kumar,Lok Sabha,ELURU,147000000.0,"Jun 4, 2024 12:00:00 AM","Jun 3, 2029 11:59:59 PM",,147056254.82,Andhra Pradesh,ELURU,Putta Mahesh Kumar,,
Uttar Pradesh,2,18th Lok Sabha,349.0,R.K. CHAUDHARY,Lok Sabha,MOHANLALGANJ(SC),147000000.0,"Jun 4, 2024 12:00:00 AM","Jun 3, 2029 11:59:59 PM",,147056254.82,Uttar Pradesh,MOHANLALGANJ(SC),R.K. CHAUDHARY,,
Odisha,2,18th Lok Sabha,350.0,RABINDRA NARAYAN BEHERA,Lok Sabha,JAJPUR(SC),147064617.11,"Jun 4, 2024 12:00:00 AM","Jun 3, 2029 11:59:59 PM",,147120896.66,Odisha,JAJPUR(SC),RABINDRA NARAYAN BEHERA,,
West Bengal,2,18th Lok Sabha,351.0,RACHNA BANERJEE,Lok Sabha,HOOGHLY,147000000.0,"Jun 4, 2024 12:00:00 AM","Jun 3, 2029 12:00:00 AM",,147056254.82,West Bengal,HOOGHLY,RACHNA BANERJEE,,
Bihar,2,18th Lok Sabha,352.0,Radha Mohan Singh,Lok Sabha,PURVI CHAMPARAN,147000000.0,"Jun 4, 2024 12:00:00 AM","Jun 3, 2029 11:59:59 PM",,147056254.82,Bihar,PURVI CHAMPARAN,Radha Mohan Singh,,
Karnataka,2,18th Lok Sabha,353.0,RADHAKRISHNA,Lok Sabha,GULBARGA(SC),147000000.0,"Jun 4, 2024 12:00:00 AM","Jun 3, 2029 11:59:59 PM",,147056254.82,Karnataka,GULBARGA(SC),RADHAKRISHNA,,
Chhattisgarh,2,18th Lok Sabha,354.0,RADHE SHYAM RATHIYA,Lok Sabha,RAIGARH(ST),159706972.09,"Jun 4, 2024 12:00:00 AM","Jun 3, 2029 11:59:59 PM",,159768089.69,Chhattisgarh,RAIGARH(ST),RADHE SHYAM RATHIYA,,
Uttar Pradesh,2,18th Lok Sabha,355.0,RAHUL GANDHI,Lok Sabha,RAE BARELI,147000000.0,"Jun 4, 2024 12:00:00 AM","Jun 3, 2029 11:59:59 PM",,147056254.82,Uttar Pradesh,RAE BARELI,RAHUL GANDHI,,
Rajasthan,2,18th Lok Sabha,356.0,Rahul Kaswan,Lok Sabha,CHURU,147000000.0,"Jun 4, 2024 12:00:00 AM","Jun 3, 2029 11:59:59 PM",,147056254.82,Rajasthan,CHURU,Rahul Kaswan,,
Madhya Pradesh,2,18th Lok Sabha,357.0,RAHUL SINGH LODHI,Lok Sabha,DAMOH,163058785.37,"Jun 4, 2024 12:00:00 AM","Jun 3, 2029 11:59:59 PM",,163121185.66,Madhya Pradesh,DAMOH,RAHUL SINGH LODHI,,
Bihar,2,18th Lok Sabha,358.0,RAJ BHUSHAN CHOUDHARY,Lok Sabha,MUZAFFARPUR,147000000.0,"Jun 4, 2024 12:00:00 AM","Jun 3, 2029 11:59:59 PM",,147056254.82,Bihar,MUZAFFARPUR,RAJ BHUSHAN CHOUDHARY,,
Rajasthan,2,18th Lok Sabha,359.0,RAJ KUMAR ROAT,Lok Sabha,BANSWARA(ST),147000000.0,"Jun 4, 2024 12:00:00 AM","Jun 3, 2029 11:59:59 PM",,147056254.82,Rajasthan,BANSWARA(ST),RAJ KUMAR ROAT,,
Bihar,2,18th Lok Sabha,360.0,RAJA RAM SINGH,Lok Sabha,KARAKAT,147000000.0,"Jun 4, 2024 12:00:00 AM","Jun 3, 2029 11:59:59 PM",,147056254.82,Bihar,KARAKAT,RAJA RAM SINGH,,
Maharashtra,2,18th Lok Sabha,361.0,RAJABHAU,Lok Sabha,NASHIK,152878682.11,"Jun 4, 2024 12:00:00 AM","Jun 3, 2029 11:59:59 PM",,152937186.62,Maharashtra,NASHIK,RAJABHAU,,
Himachal Pradesh,2,18th Lok Sabha,362.0,RAJEEV BHARDWAJ,Lok Sabha,KANGRA,179388967.11,"Jun 4, 2024 12:00:00 AM","Jun 3, 2029 11:59:59 PM",,179457616.73,Himachal Pradesh,KANGRA,RAJEEV BHARDWAJ,,
Uttar Pradesh,2,18th Lok Sabha,363.0,RAJEEV RAI,Lok Sabha,GHOSI,147000000.0,"Jun 4, 2024 12:00:00 AM","Jun 3, 2029 12:00:00 AM",,147056254.82,Uttar Pradesh,GHOSI,RAJEEV RAI,,
Bihar,2,18th Lok Sabha,364.0,RAJESH RANJAN ALIAS PAPPU YADAV,Lok Sabha,PURNEA,147000000.0,"Jun 4, 2024 12:00:00 AM","Jun 3, 2029 11:59:59 PM",,147056254.82,Bihar,PURNEA,RAJESH RANJAN ALIAS PAPPU YADAV,,
Bihar,2,18th Lok Sabha,365.0,RAJESH VERMA,Lok Sabha,KHAGARIA,147000000.0,"Jun 4, 2024 12:00:00 AM","Jun 3, 2029 11:59:59 PM",,147056254.82,Bihar,KHAGARIA,RAJESH VERMA,,
Gujarat,2,18th Lok Sabha,366.0,Rajeshbhai Naranbhai Chudasama,Lok Sabha,JUNAGADH,147000000.0,"Jun 4, 2024 12:00:00 AM","Jun 3, 2029 12:00:00 AM",,147056254.82,Gujarat,JUNAGADH,Rajeshbhai Naranbhai Chudasama,,
Bihar,2,18th Lok Sabha,367.0,Rajiv Pratap Rudy,Lok Sabha,SARAN,147000000.0,"Jun 4, 2024 12:00:00 AM","Jun 3, 2029 11:59:59 PM",,147056254.82,Bihar,SARAN,Rajiv Pratap Rudy,,
Bihar,2,18th Lok Sabha,368.0,Rajiv Ranjan (Lalan) Singh,Lok Sabha,MUNGER,147000000.0,"Jun 4, 2024 12:00:00 AM","Jun 3, 2029 11:59:59 PM",,147056254.82,Bihar,MUNGER,Rajiv Ranjan (Lalan) Singh,,
Uttar Pradesh,2,18th Lok Sabha,369.0,Rajkumar Chahar ,Lok Sabha,FATEHPUR SIKRI,147000000.0,"Jun 4, 2024 12:00:00 AM","Jun 3, 2029 11:59:59 PM",,147056254.82,Uttar Pradesh,FATEHPUR SIKRI,Rajkumar Chahar ,,
Uttar Pradesh,2,18th Lok Sabha,370.0,Rajnath Singh,Lok Sabha,LUCKNOW,154808797.11,"Jun 4, 2024 12:00:00 AM","Jun 3, 2029 11:59:59 PM",,154868040.25,Uttar Pradesh,LUCKNOW,Rajnath Singh,,
Gujarat,2,18th Lok Sabha,371.0,RAJPALSINH MAHENDRASINH JADAV,Lok Sabha,PANCHMAHAL,147000000.0,"Jun 4, 2024 12:00:00 AM","Jun 3, 2029 11:59:59 PM",,147056254.82,Gujarat,PANCHMAHAL,RAJPALSINH MAHENDRASINH JADAV,,
West Bengal,2,18th Lok Sabha,372.0,Raju Bista,Lok Sabha,DARJEELING,147000000.0,"Jun 4, 2024 12:00:00 AM","Jun 3, 2029 11:59:59 PM",,147056254.82,West Bengal,DARJEELING,Raju Bista,,
Uttar Pradesh,2,18th Lok Sabha,373.0,RAKESH RATHOR,Lok Sabha,SITAPUR,147000000.0,"Jun 4, 2024 12:00:00 AM","Jun 3, 2029 11:59:59 PM",,147056254.82,Uttar Pradesh,SITAPUR,RAKESH RATHOR,,
Assam,2,18th Lok Sabha,374.0,RAKIBUL HUSSAIN,Lok Sabha,DHUBRI,147000000.0,"Jun 4, 2024 12:00:00 AM","Jun 3, 2029 11:59:59 PM",,147056254.82,Assam,DHUBRI,RAKIBUL HUSSAIN,,
Uttar Pradesh,2,18th Lok Sabha,375.0,RAM PRASAD CHAUDHARY,Lok Sabha,BASTI,204176957.11,"Apr 6, 2024 12:00:00 AM","Mar 6, 2029 11:59:59 PM",,204255092.74,Uttar Pradesh,BASTI,RAM PRASAD CHAUDHARY,,
Uttar Pradesh,2,18th Lok Sabha,376.0,Ram Shiromani,Lok Sabha,SHRAWASTI,151746878.11,"Jun 4, 2024 12:00:00 AM","Jun 3, 2029 11:59:59 PM",,151804949.49,Uttar Pradesh,SHRAWASTI,Ram Shiromani,,
Telangana,2,18th Lok Sabha,377.0,RAMASAHAYAM RAGHURAM REDDY,Lok Sabha,KHAMMAM,147000000.0,"Jun 4, 2024 12:00:00 AM","Jun 3, 2029 11:59:59 PM",,147056254.82,Telangana,KHAMMAM,RAMASAHAYAM RAGHURAM REDDY,,
Uttar Pradesh,2,18th Lok Sabha,378.0,RAMASHANKAR RAJBHAR,Lok Sabha,SALEMPUR,160056927.07,"Jun 4, 2024 12:00:00 AM","Jun 3, 2029 11:59:59 PM",,160118178.59,Uttar Pradesh,SALEMPUR,RAMASHANKAR RAJBHAR,,
Uttar Pradesh,2,18th Lok Sabha,379.0,RAMBHUAL NISHAD,Lok Sabha,SULTANPUR,151231957.11,"Jun 4, 2024 12:00:00 AM","Jun 3, 2029 11:59:59 PM",,151289831.44,Uttar Pradesh,SULTANPUR,RAMBHUAL NISHAD,,
Uttar Pradesh,2,18th Lok Sabha,380.0,RAMESH AWASTHI,Lok Sabha,KANPUR,147000000.0,"Jun 4, 2024 12:00:00 AM","Jun 3, 2029 11:59:59 PM",,147056254.82,Uttar Pradesh,KANPUR,RAMESH AWASTHI,,
Karnataka,2,18th Lok Sabha,381.0,Ramesh Chandappa Jigajinagi,Lok Sabha,BIJAPUR(SC),269500000.0,"Jun 4, 2024 12:00:00 AM","Jun 3, 2029 11:59:59 PM",,269603133.84,Karnataka,BIJAPUR(SC),Ramesh Chandappa Jigajinagi,,
Bihar,2,18th Lok Sabha,382.0,Ramprit Mandal,Lok Sabha,JHANJHARPUR,147000000.0,"Jun 4, 2024 12:00:00 AM","Jun 3, 2029 11:59:59 PM",,147056254.82,Bihar,JHANJHARPUR,Ramprit Mandal,,
Delhi,2,18th Lok Sabha,383.0,Ramvir Singh Bidhuri,Lok Sabha,SOUTH DELHI,147559100.0,"Jun 4, 2024 12:00:00 AM","Jun 3, 2029 11:59:59 PM",,147615568.78,Delhi,SOUTH DELHI,Ramvir Singh Bidhuri,,
Assam,2,18th Lok Sabha,384.0,RANJIT DUTTA,Lok Sabha,Sonitpur,147000000.0,"Jun 4, 2024 12:00:00 AM","Jun 3, 2029 11:59:59 PM",,147056254.82,Assam,Sonitpur,RANJIT DUTTA,,
Haryana,2,18th Lok Sabha,385.0,Rao Inderjit Singh,Lok Sabha,GURGAON,147000000.0,"Jun 4, 2024 12:00:00 AM","Jun 3, 2029 11:59:59 PM",,147056254.82,Haryana,GURGAON,Rao Inderjit Singh,,
Rajasthan,2,18th Lok Sabha,386.0,Rao Rajendra Singh,Lok Sabha,JAIPUR RURAL,147000000.0,"Jun 4, 2024 12:00:00 AM","Jun 3, 2029 11:59:59 PM",,147056254.82,Rajasthan,JAIPUR RURAL,Rao Rajendra Singh,,
Bihar,2,18th Lok Sabha,387.0,Ravi Shankar Prasad,Lok Sabha,PATNA SAHIB,147000000.0,"Jun 4, 2024 12:00:00 AM","Jun 3, 2029 12:00:00 AM",,147056254.82,Bihar,PATNA SAHIB,Ravi Shankar Prasad,,
Maharashtra,2,18th Lok Sabha,388.0,RAVINDRA DATTARAM WAIKAR,Lok Sabha,MUMBAI NORTH WEST,147000000.0,"Jun 4, 2024 12:00:00 AM","Jun 3, 2029 11:59:59 PM",,147056254.82,Maharashtra,MUMBAI NORTH WEST,RAVINDRA DATTARAM WAIKAR,,
Uttar Pradesh,2,18th Lok Sabha,389.0,Ravindra Shyamnarayan Alias Ravi Kishan Shukla,Lok Sabha,GORAKHPUR,147000000.0,"Jun 4, 2024 12:00:00 AM","Jun 3, 2029 11:59:59 PM",,147056254.82,Uttar Pradesh,GORAKHPUR,Ravindra Shyamnarayan Alias Ravi Kishan Shukla,,
Maharashtra,2,18th Lok Sabha,390.0,Ravindra Vasantrao Chavan,Lok Sabha,NANDED,147000000.0,"Nov 28, 2024 12:00:00 AM","Jun 3, 2029 11:59:59 PM",,147056254.82,Maharashtra,NANDED,Ravindra Vasantrao Chavan,,
Mizoram,2,18th Lok Sabha,391.0,RICHARD VANLALHMANGAIHA,Lok Sabha,MIZORAM (ST),147000000.0,"Jun 4, 2024 12:00:00 AM","Jun 3, 2029 11:59:59 PM",,147056254.82,Mizoram,MIZORAM (ST),RICHARD VANLALHMANGAIHA,,
Tamil Nadu,2,18th Lok Sabha,392.0,ROBERT BRUCE C,Lok Sabha,TIRUNELVELI,147475440.11,"Jun 4, 2024 12:00:00 AM","Jun 3, 2029 11:59:59 PM",,147531876.87,Tamil Nadu,TIRUNELVELI,ROBERT BRUCE C,,
Madhya Pradesh,2,18th Lok Sabha,393.0,Rodmal Nagar ,Lok Sabha,RAJGARH,147000000.0,"Jun 4, 2024 12:00:00 AM","Jun 3, 2029 11:59:59 PM",,147056254.82,Madhya Pradesh,RAJGARH,Rodmal Nagar ,,
Chhattisgarh,2,18th Lok Sabha,394.0,ROOP KUMARI CHOUDHARY,Lok Sabha,MAHASAMUND,153035414.0,"Jun 4, 2024 12:00:00 AM","Jun 3, 2029 11:59:59 PM",,153093978.49,Chhattisgarh,MAHASAMUND,ROOP KUMARI CHOUDHARY,,
Uttar Pradesh,2,18th Lok Sabha,395.0,RUCHI VIRA,Lok Sabha,MORADABAD,147000000.0,"Jun 4, 2024 12:00:00 AM","Jun 3, 2029 11:59:59 PM",,147056254.82,Uttar Pradesh,MORADABAD,RUCHI VIRA,,
Odisha,2,18th Lok Sabha,396.0,RUDRA NARAYAN PANY,Lok Sabha,DHENKANAL,155013957.11,"Jun 4, 2024 12:00:00 AM","Jun 3, 2029 11:59:59 PM",,155073278.76,Odisha,DHENKANAL,RUDRA NARAYAN PANY,,
Nagaland,2,18th Lok Sabha,397.0,S SUPONGMEREN JAMIR,Lok Sabha,NAGALAND,147000000.0,"Jun 4, 2024 12:00:00 AM","Jun 3, 2029 11:59:59 PM",,147056254.82,Nagaland,NAGALAND,S SUPONGMEREN JAMIR,,
Tamil Nadu,2,18th Lok Sabha,398.0,S Venkatesan,Lok Sabha,MADURAI,147000000.0,"Jun 4, 2024 12:00:00 AM","Jun 3, 2029 11:59:59 PM",,147056254.82,Tamil Nadu,MADURAI,S Venkatesan,,
Tamil Nadu,2,18th Lok Sabha,399.0,S. Jagathrakshakan,Lok Sabha,ARAKKONAM,180589332.34,"Jun 4, 2024 12:00:00 AM","Jun 3, 2029 12:00:00 AM",,180658441.32,Tamil Nadu,ARAKKONAM,S. Jagathrakshakan,,
Tamil Nadu,2,18th Lok Sabha,400.0,SACHITHANANTHAM R,Lok Sabha,DINDIGUL,147000000.0,"Jun 4, 2024 12:00:00 AM","Jun 3, 2029 11:59:59 PM",,147056254.82,Tamil Nadu,DINDIGUL,SACHITHANANTHAM R,,
Karnataka,2,18th Lok Sabha,401.0,SAGAR ESHWAR KHANDRE,Lok Sabha,BIDAR,147000000.0,"Jun 4, 2024 12:00:00 AM","Jun 3, 2029 11:59:59 PM",,147056254.82,Karnataka,BIDAR,SAGAR ESHWAR KHANDRE,,
Meghalaya,2,18th Lok Sabha,402.0,SALENG A SANGMA,Lok Sabha,TURA,147000000.0,"Jun 4, 2024 12:00:00 AM","Jun 3, 2029 11:59:59 PM",,147056254.82,Meghalaya,TURA,SALENG A SANGMA,,
Odisha,2,18th Lok Sabha,403.0,SAMBIT PATRA,Lok Sabha,PURI,147000000.0,"Jun 4, 2024 12:00:00 AM","Jun 3, 2029 11:59:59 PM",,147056254.82,Odisha,PURI,SAMBIT PATRA,,
Uttar Pradesh,2,18th Lok Sabha,404.0,SANATAN PANDEY,Lok Sabha,BALLIA,180420041.4,"Jun 4, 2024 12:00:00 AM","Jun 3, 2029 11:59:59 PM",,180489085.6,Uttar Pradesh,BALLIA,SANATAN PANDEY,,
Maharashtra,2,18th Lok Sabha,405.0,SANJAY DINA PATIL,Lok Sabha,MUMBAI NORTH EAST,147000000.0,"Jun 4, 2024 12:00:00 AM","Jun 3, 2029 12:00:00 AM",,147056254.82,Maharashtra,MUMBAI NORTH EAST,SANJAY DINA PATIL,,
Maharashtra,2,18th Lok Sabha,406.0,Sanjay Haribhau Jadhav,Lok Sabha,PARBHANI,147000000.0,"Jun 4, 2024 12:00:00 AM","Jun 3, 2029 11:59:59 PM",,147056254.82,Maharashtra,PARBHANI,Sanjay Haribhau Jadhav,,
Bihar,2,18th Lok Sabha,407.0,Sanjay Jaiswal,Lok Sabha,PASCHIM CHAMPARAN,147000000.0,"Jun 4, 2024 12:00:00 AM","Jun 3, 2029 11:59:59 PM",,147056254.82,Bihar,PASCHIM CHAMPARAN,Sanjay Jaiswal,,
Telangana,2,18th Lok Sabha,408.0,Sanjay Kumar Bandi,Lok Sabha,KARIMNAGAR,172775317.11,"Jun 4, 2024 12:00:00 AM","Jun 3, 2029 11:59:59 PM",,172841435.78,Telangana,KARIMNAGAR,Sanjay Kumar Bandi,,
Jharkhand,2,18th Lok Sabha,409.0,Sanjay Seth ,Lok Sabha,RANCHI,147064357.11,"Jun 4, 2024 12:00:00 AM","Jun 3, 2029 11:59:59 PM",,147120636.56,Jharkhand,RANCHI,Sanjay Seth ,,
Maharashtra,2,18th Lok Sabha,410.0,Sanjay Uttamrao Deshmukh,Lok Sabha,YAVATMAL-WASHIM,185640423.0,"Jun 4, 2024 12:00:00 AM","Jun 3, 2029 12:00:00 AM",,185711464.96,Maharashtra,YAVATMAL-WASHIM,Sanjay Uttamrao Deshmukh,,
Rajasthan,2,18th Lok Sabha,411.0,SANJNA JATAV,Lok Sabha,BHARATPUR(SC),147000000.0,"Jun 4, 2024 12:00:00 AM","Jun 3, 2029 11:59:59 PM",,147056254.82,Rajasthan,BHARATPUR(SC),SANJNA JATAV,,
Chhattisgarh,2,18th Lok Sabha,412.0,Santosh Pandey,Lok Sabha,RAJNANDGAON,147000000.0,"Jun 4, 2024 12:00:00 AM","Jun 3, 2029 11:59:59 PM",,147056254.82,Chhattisgarh,RAJNANDGAON,Santosh Pandey,,
Odisha,2,18th Lok Sabha,413.0,Saptagiri Sankar Ulaka,Lok Sabha,KORAPUT(ST),269500000.0,"Jun 4, 2024 12:00:00 AM","Jun 3, 2029 11:59:59 PM",,269603133.84,Odisha,KORAPUT(ST),Saptagiri Sankar Ulaka,,
Punjab,2,18th Lok Sabha,414.0,SARABJEET SINGH KHALSA,Lok Sabha,FARIDKOT(SC),150850348.15,"Jun 4, 2024 12:00:00 AM","Jun 3, 2029 11:59:59 PM",,150908076.44,Punjab,FARIDKOT(SC),SARABJEET SINGH KHALSA,,
Tamil Nadu,2,18th Lok Sabha,415.0,Sasikanth Senthil,Lok Sabha,TIRUVALLUR(SC),171500000.0,"Jun 4, 2024 12:00:00 AM","Jun 3, 2029 11:59:59 PM",,171565630.62,Tamil Nadu,TIRUVALLUR(SC),Sasikanth Senthil,,
Haryana,2,18th Lok Sabha,416.0,SATPAL BRAHAMCHARI,Lok Sabha,SONEPAT,147000000.0,"Jun 4, 2024 12:00:00 AM","Jun 3, 2029 11:59:59 PM",,147056254.82,Haryana,SONEPAT,SATPAL BRAHAMCHARI,,
West Bengal,2,18th Lok Sabha,417.0,Saumitra khan ,Lok Sabha,BISHNUPUR(SC),147000000.0,"Jun 4, 2024 12:00:00 AM","Jun 3, 2029 11:59:59 PM",,147056254.82,West Bengal,BISHNUPUR(SC),Saumitra khan ,,
Madhya Pradesh,2,18th Lok Sabha,418.0,SAVITRI THAKUR,Lok Sabha,DHAR(ST),147000000.0,"Jun 4, 2024 12:00:00 AM","Jun 3, 2029 11:59:59 PM",,147056254.82,Madhya Pradesh,DHAR(ST),SAVITRI THAKUR,,
West Bengal,2,18th Lok Sabha,419.0,SAYANI GHOSH,Lok Sabha,JADAVPUR,147000000.0,"Jun 4, 2024 12:00:00 AM","Jun 3, 2029 11:59:59 PM",,147056254.82,West Bengal,JADAVPUR,SAYANI GHOSH,,
Haryana,2,18th Lok Sabha,420.0,SELJA,Lok Sabha,SIRSA(SC),147000000.0,"Jun 4, 2024 12:00:00 AM","Jun 3, 2029 11:59:59 PM",,147056254.82,Haryana,SIRSA(SC),SELJA,,
Tamil Nadu,2,18th Lok Sabha,421.0,SELVAGANAPATHI T M,Lok Sabha,SALEM,147000000.0,"Jun 4, 2024 12:00:00 AM","Jun 3, 2029 11:59:59 PM",,147056254.82,Tamil Nadu,SALEM,SELVAGANAPATHI T M,,
Tamil Nadu,2,18th Lok Sabha,422.0,SELVARAJ V,Lok Sabha,NAGAPATTINAM(SC),147000000.0,"Jun 4, 2024 12:00:00 AM","Jun 3, 2029 11:59:59 PM",,147056254.82,Tamil Nadu,NAGAPATTINAM(SC),SELVARAJ V,,
Kerala,2,18th Lok Sabha,423.0,SHAFI PARAMBIL,Lok Sabha,VADAKARA,147000000.0,"Jun 5, 2024 12:00:00 AM","Jun 3, 2029 11:59:59 PM",,147056254.82,Kerala,VADAKARA,SHAFI PARAMBIL,,
Bihar,2,18th Lok Sabha,424.0,SHAMBHAVI,Lok Sabha,SAMASTIPUR(SC),147000000.0,"Jun 4, 2024 12:00:00 AM","Jun 3, 2029 11:59:59 PM",,147056254.82,Bihar,SAMASTIPUR(SC),SHAMBHAVI,,
Madhya Pradesh,2,18th Lok Sabha,425.0,Shankar Lalwani,Lok Sabha,INDORE,147000000.0,"Jun 4, 2024 12:00:00 AM","Jun 3, 2029 11:59:59 PM",,147056254.82,Madhya Pradesh,INDORE,Shankar Lalwani,,
Uttar Pradesh,2,18th Lok Sabha,426.0,SHASHANK MANI,Lok Sabha,DEORIA,147000000.0,"Jun 4, 2024 12:00:00 AM","Jun 3, 2029 11:59:59 PM",,147056254.82,Uttar Pradesh,DEORIA,SHASHANK MANI,,
West Bengal,2,18th Lok Sabha,427.0,Shatrughan Sinha,Lok Sabha,ASANSOL,147000000.0,"Jun 4, 2024 12:00:00 AM","Jun 3, 2029 11:59:59 PM",,147056254.82,West Bengal,ASANSOL,Shatrughan Sinha,,
Punjab,2,18th Lok Sabha,428.0,SHER SINGH GHUBAYA,Lok Sabha,FIROZPUR,147000000.0,"Jun 4, 2024 12:00:00 AM","Jun 3, 2029 11:59:59 PM",,147056254.82,Punjab,FIROZPUR,SHER SINGH GHUBAYA,,
Madhya Pradesh,2,18th Lok Sabha,429.0,SHIVMANGAL SINGH TOMAR,Lok Sabha,MORENA,147000000.0,"Jun 4, 2024 12:00:00 AM","Jun 3, 2029 11:59:59 PM",,147056254.82,Madhya Pradesh,MORENA,SHIVMANGAL SINGH TOMAR,,
Madhya Pradesh,2,18th Lok Sabha,430.0,SHIVRAJ SINGH CHOUHAN,Lok Sabha,VIDISHA,147000000.0,"Jun 4, 2024 12:00:00 AM","Jun 3, 2029 11:59:59 PM",,147056254.82,Madhya Pradesh,VIDISHA,SHIVRAJ SINGH CHOUHAN,,
Karnataka,2,18th Lok Sabha,431.0,SHOBHA KARANDLAJE,Lok Sabha,BANGALORE NORTH,147000000.0,"Jun 4, 2024 12:00:00 AM","Jun 3, 2029 12:00:00 AM",,147056254.82,Karnataka,BANGALORE NORTH,SHOBHA KARANDLAJE,,
Gujarat,2,18th Lok Sabha,432.0,SHOBHANABEN MAHENDRASINH BARAIYA,Lok Sabha,SABARKANTHA,147000000.0,"Jun 4, 2024 12:00:00 AM","Jun 3, 2029 11:59:59 PM",,147056254.82,Gujarat,SABARKANTHA,SHOBHANABEN MAHENDRASINH BARAIYA,,
Karnataka,2,18th Lok Sabha,433.0,SHREYAS. M. PATEL,Lok Sabha,HASSAN,147000000.0,"Jun 4, 2024 12:00:00 AM","Jun 3, 2029 11:59:59 PM",,147056254.82,Karnataka,HASSAN,SHREYAS. M. PATEL,,
Haryana,2,18th Lok Sabha,434.0,Shri  Dharambir Singh,Lok Sabha,BHIWANI MAHENDRAGARH,147000000.0,"Jun 4, 2024 12:00:00 AM","Jun 3, 2029 11:59:59 PM",,147056254.82,Haryana,BHIWANI MAHENDRAGARH,Shri  Dharambir Singh,,
West Bengal,2,18th Lok Sabha,435.0,Shri Abhishek Banerjee,Lok Sabha,DIAMOND HARBOUR,147000000.0,"Jun 4, 2024 12:00:00 AM","Jun 3, 2029 12:00:00 AM",,147056254.82,West Bengal,DIAMOND HARBOUR,Shri Abhishek Banerjee,,
Punjab,2,18th Lok Sabha,436.0,Shri Amar Singh,Lok Sabha,FATEHGARH SAHIB(SC),147000000.0,"Jun 4, 2024 12:00:00 AM","Jun 3, 2029 11:59:59 PM",,147056254.82,Punjab,FATEHGARH SAHIB(SC),Shri Amar Singh,,
Gujarat,2,18th Lok Sabha,437.0,Shri Amit Shah,Lok Sabha,GANDHINAGAR,147000000.0,"Jun 4, 2024 12:00:00 AM","Jun 3, 2029 11:59:59 PM",,147056254.82,Gujarat,GANDHINAGAR,Shri Amit Shah,,
Madhya Pradesh,2,18th Lok Sabha,438.0,Shri Anil Firojiya,Lok Sabha,UJJAIN(SC),147000000.0,"Jun 4, 2024 12:00:00 AM","Jun 3, 2029 11:59:59 PM",,147056254.82,Madhya Pradesh,UJJAIN(SC),Shri Anil Firojiya,,
Rajasthan,2,18th Lok Sabha,439.0,Shri Arjun Ram Meghwal,Lok Sabha,BIKANER(SC),147000000.0,"Jun 4, 2024 12:00:00 AM","Jun 3, 2029 11:59:59 PM",,147056254.82,Rajasthan,BIKANER(SC),Shri Arjun Ram Meghwal,,
Uttar Pradesh,2,18th Lok Sabha,440.0,Shri Arun Kumar Sagar ,Lok Sabha,SHAHJAHANPUR(SC),147000000.0,"Jun 4, 2024 12:00:00 AM","Jun 3, 2029 11:59:59 PM",,147056254.82,Uttar Pradesh,SHAHJAHANPUR(SC),Shri Arun Kumar Sagar ,,
Karnataka,2,18th Lok Sabha,441.0,Shri B Y Raghavendra ,Lok Sabha,SHIMOGA,147000000.0,"Jun 4, 2024 12:00:00 AM","Jun 3, 2029 11:59:59 PM",,147056254.82,Karnataka,SHIMOGA,Shri B Y Raghavendra ,,
Kerala,2,18th Lok Sabha,442.0,Shri Benny Behanan,Lok Sabha,CHALAKUDY,164674770.11,"Jun 4, 2024 12:00:00 AM","Jun 3, 2029 11:59:59 PM",,164737788.81,Kerala,CHALAKUDY,Shri Benny Behanan,,
Odisha,2,18th Lok Sabha,443.0,Shri Bhartruhari Mahtab,Lok Sabha,CUTTACK,147000000.0,"Jun 4, 2024 12:00:00 AM","Jun 3, 2029 11:59:59 PM",,147056254.82,Odisha,CUTTACK,Shri Bhartruhari Mahtab,,
Jharkhand,2,18th Lok Sabha,444.0,Shri Chandra Prakash Choudhary,Lok Sabha,GIRIDIH,147000000.0,"Jun 4, 2024 12:00:00 AM","Jun 3, 2029 12:00:00 AM",,147056254.82,Jharkhand,GIRIDIH,Shri Chandra Prakash Choudhary,,
West Bengal,2,18th Lok Sabha,445.0,Shri Deepak (Dev) Adhikari ,Lok Sabha,GHATAL,200747364.0,"Jun 4, 2024 12:00:00 AM","Jun 3, 2029 11:59:59 PM",,200824187.18,West Bengal,GHATAL,Shri Deepak (Dev) Adhikari ,,
Punjab,2,18th Lok Sabha,446.0,Shri Gurjeet Singh Aujla,Lok Sabha,AMRITSAR,147000000.0,"Jun 4, 2024 12:00:00 AM","Jun 3, 2029 11:59:59 PM",,147056254.82,Punjab,AMRITSAR,Shri Gurjeet Singh Aujla,,
Rajasthan,2,18th Lok Sabha,447.0,Shri Hanuman Beniwal,Lok Sabha,NAGAUR,147000000.0,"Jun 4, 2024 12:00:00 AM","Jun 3, 2029 12:00:00 AM",,147056254.82,Rajasthan,NAGAUR,Shri Hanuman Beniwal,,
Kerala,2,18th Lok Sabha,448.0,Shri Hibi Eden,Lok Sabha,ERNAKULAM,162177260.11,"Jun 4, 2024 12:00:00 AM","Jun 3, 2029 11:59:59 PM",,162239323.05,Kerala,ERNAKULAM,Shri Hibi Eden,,
Bihar,2,18th Lok Sabha,449.0,Shri Janardan Singh Sigriwal ,Lok Sabha,MAHARAJGANJ_BR,147000000.0,"Jun 4, 2024 12:00:00 AM","Jun 3, 2029 11:59:59 PM",,147056254.82,Bihar,MAHARAJGANJ_BR,Shri Janardan Singh Sigriwal ,,
Odisha,2,18th Lok Sabha,450.0,Shri Jual Oram,Lok Sabha,SUNDARGARH (ST),173096756.91,"Jun 4, 2024 12:00:00 AM","Jun 3, 2029 11:59:59 PM",,173162998.59,Odisha,SUNDARGARH (ST),Shri Jual Oram,,
Jammu And Kashmir,2,18th Lok Sabha,451.0,Shri Jugal Kishore Sharma,Lok Sabha,JAMMU,147000000.0,"Jun 4, 2024 12:00:00 AM","Jun 3, 2029 11:59:59 PM",,147056254.82,Jammu And Kashmir,JAMMU,Shri Jugal Kishore Sharma,,
West Bengal,2,18th Lok Sabha,452.0,Shri Jyotirmay Singh Mahato ,Lok Sabha,PURULIA,147000000.0,"Jun 4, 2024 12:00:00 AM","Jun 3, 2029 11:59:59 PM",,147056254.82,West Bengal,PURULIA,Shri Jyotirmay Singh Mahato ,,
Tamil Nadu,2,18th Lok Sabha,453.0,Shri Karti P Chidambaram ,Lok Sabha,SIVAGANGA,159049284.11,"Jun 4, 2024 12:00:00 AM","Jun 3, 2029 11:59:59 PM",,159110150.02,Tamil Nadu,SIVAGANGA,Shri Karti P Chidambaram ,,
Kerala,2,18th Lok Sabha,454.0,Shri Kumbakudi Sudhakaran,Lok Sabha,KANNUR,147000000.0,"Jun 4, 2024 12:00:00 AM","Jun 3, 2029 11:59:59 PM",,147056254.82,Kerala,KANNUR,Shri Kumbakudi Sudhakaran,,
Karnataka,2,18th Lok Sabha,455.0,Shri LS Tejasvi Surya ,Lok Sabha,BANGALORE SOUTH,147000000.0,"Jun 4, 2024 12:00:00 AM","Jun 3, 2029 11:59:59 PM",,147056254.82,Karnataka,BANGALORE SOUTH,Shri LS Tejasvi Surya ,,
Kerala,2,18th Lok Sabha,456.0,Shri M K Raghavan,Lok Sabha,KOZHIKODE,147000000.0,"Jun 4, 2024 12:00:00 AM","Jun 3, 2029 11:59:59 PM",,147056254.82,Kerala,KOZHIKODE,Shri M K Raghavan,,
Uttar Pradesh,2,18th Lok Sabha,457.0,Shri Narendra Modi,Lok Sabha,VARANASI,162070276.11,"Jun 4, 2024 12:00:00 AM","Jun 3, 2029 11:59:59 PM",,162132298.11,Uttar Pradesh,VARANASI,Shri Narendra Modi,,
Kerala,2,18th Lok Sabha,458.0,Shri NK Premachandran,Lok Sabha,KOLLAM,171477994.11,"Jun 4, 2024 12:00:00 AM","Jun 3, 2029 11:59:59 PM",,171543616.31,Kerala,KOLLAM,Shri NK Premachandran,,
Rajasthan,2,18th Lok Sabha,459.0,Shri PP Chaudhary,Lok Sabha,PALI,147000000.0,"Jun 4, 2024 12:00:00 AM","Jun 3, 2029 11:59:59 PM",,147056254.82,Rajasthan,PALI,Shri PP Chaudhary,,
Kerala,2,18th Lok Sabha,460.0,Shri Rajmohan Unnithan ,Lok Sabha,KASARAGOD,156754633.11,"Jun 4, 2024 12:00:00 AM","Jun 3, 2029 11:59:59 PM",,156814620.89,Kerala,KASARAGOD,Shri Rajmohan Unnithan ,,
Assam,2,18th Lok Sabha,461.0,Shri Sarbananda Sonowal (18LS),Lok Sabha,DIBRUGARH,147000000.0,"Jun 4, 2024 12:00:00 AM","Jun 3, 2029 11:59:59 PM",,147056254.82,Assam,DIBRUGARH,Shri Sarbananda Sonowal (18LS),,
Uttar Pradesh,2,18th Lok Sabha,462.0,Shri Satish Kumar Gautam ,Lok Sabha,ALIGARH,147000000.0,"Jun 4, 2024 12:00:00 AM","Jun 3, 2029 11:59:59 PM",,147056254.82,Uttar Pradesh,ALIGARH,Shri Satish Kumar Gautam ,,
West Bengal,2,18th Lok Sabha,463.0,Shri Shantanu Thakur ,Lok Sabha,BANGAON(SC),147000000.0,"Jun 4, 2024 12:00:00 AM","Jun 3, 2029 11:59:59 PM",,147056254.82,West Bengal,BANGAON(SC),Shri Shantanu Thakur ,,
Madhya Pradesh,2,18th Lok Sabha,464.0,Shri Sudheer Gupta ,Lok Sabha,MANDSOUR,148988014.83,"Jun 4, 2024 12:00:00 AM","Jun 3, 2029 11:59:59 PM",,149045030.44,Madhya Pradesh,MANDSOUR,Shri Sudheer Gupta ,,
Kerala,2,18th Lok Sabha,465.0,Shri Suresh Kodikunnil,Lok Sabha,MAVELIKKARA(SC),172429519.11,"Jun 4, 2024 12:00:00 AM","Jun 3, 2029 11:59:59 PM",,172495505.45,Kerala,MAVELIKKARA(SC),Shri Suresh Kodikunnil,,
Arunachal Pradesh,2,18th Lok Sabha,466.0,Shri Tapir Gao,Lok Sabha,ARUNACHAL EAST,147000000.0,"Jun 4, 2024 12:00:00 AM","Jun 3, 2029 11:59:59 PM",,147056254.82,Arunachal Pradesh,ARUNACHAL EAST,Shri Tapir Gao,,
Tamil Nadu,2,18th Lok Sabha,467.0,Shri vijayakumar Vasanth,Lok Sabha,KANNIYAKUMARI,171500000.0,"Jun 4, 2024 12:00:00 AM","Jun 3, 2029 11:59:59 PM",,171565630.62,Tamil Nadu,KANNIYAKUMARI,Shri vijayakumar Vasanth,,
Maharashtra,2,18th Lok Sabha,468.0,Shrikant Eknath Shinde,Lok Sabha,KALYAN,147000000.0,"Jun 4, 2024 12:00:00 AM","Jun 3, 2029 11:59:59 PM",,147056254.82,Maharashtra,KALYAN,Shrikant Eknath Shinde,,
Maharashtra,2,18th Lok Sabha,469.0,SHRIMANT CHH UDAYANRAJE PRATAPSINHAMAHARAJ BHONSLE,Lok Sabha,SATARA,147000000.0,"Jun 4, 2024 12:00:00 AM","Jun 3, 2029 11:59:59 PM",,147056254.82,Maharashtra,SATARA,SHRIMANT CHH UDAYANRAJE PRATAPSINHAMAHARAJ BHONSLE,,
Goa,2,18th Lok Sabha,470.0,Shripad Yesso Naik,Lok Sabha,NORTH GOA,147000000.0,"Jun 4, 2024 12:00:00 AM","Jun 3, 2029 11:59:59 PM",,147056254.82,Goa,NORTH GOA,Shripad Yesso Naik,,
Maharashtra,2,18th Lok Sabha,471.0,Shrirang Appa Barne,Lok Sabha,MAVAL,147000000.0,"Jun 4, 2024 12:00:00 AM","Jun 3, 2029 11:59:59 PM",,147056254.82,Maharashtra,MAVAL,Shrirang Appa Barne,,
Maharashtra,2,18th Lok Sabha,472.0,Shyamkumar,Lok Sabha,RAMTEK(SC),147000000.0,"Jun 4, 2024 12:00:00 AM","Jun 3, 2029 11:59:59 PM",,147056254.82,Maharashtra,RAMTEK(SC),Shyamkumar,,
Andhra Pradesh,2,18th Lok Sabha,473.0,Sivanath Kesineni,Lok Sabha,VIJAYAWADA,159864032.49,"Jun 4, 2024 12:00:00 AM","Jun 3, 2029 11:59:59 PM",,159925210.19,Andhra Pradesh,VIJAYAWADA,Sivanath Kesineni,,
West Bengal,2,18th Lok Sabha,474.0,SK NURUL ISLAM,Lok Sabha,BASIRHAT,49000000.0,"Jun 4, 2024 12:00:00 AM","Jun 3, 2029 11:59:59 PM",,49018751.61,West Bengal,BASIRHAT,SK NURUL ISLAM,,
Maharashtra,2,18th Lok Sabha,475.0,SMITA UDAY WAGH,Lok Sabha,JALGAON,148107373.11,"Jun 4, 2024 12:00:00 AM","Jun 3, 2029 11:59:59 PM",,148164051.71,Maharashtra,JALGAON,SMITA UDAY WAGH,,
Uttar Pradesh,2,18th Lok Sabha,476.0,Smt Anupriya Patel,Lok Sabha,MIRZAPUR,147000000.0,"Jun 4, 2024 12:00:00 AM","Jun 3, 2029 11:59:59 PM",,147056254.82,Uttar Pradesh,MIRZAPUR,Smt Anupriya Patel,,
Odisha,2,18th Lok Sabha,477.0,Smt Aparajita Sarangi,Lok Sabha,BHUBANESWAR,147420861.41,"Jun 4, 2024 12:00:00 AM","Jun 3, 2029 11:59:59 PM",,147477277.29,Odisha,BHUBANESWAR,Smt Aparajita Sarangi,,
Uttar Pradesh,2,18th Lok Sabha,478.0,Smt Dimple Yadav,Lok Sabha,MAINPURI,192042469.11,"Jun 4, 2024 12:00:00 AM","Jun 3, 2029 11:59:59 PM",,192115961.05,Uttar Pradesh,MAINPURI,Smt Dimple Yadav,,
Punjab,2,18th Lok Sabha,479.0,Smt Harsimrat Kaur Badal,Lok Sabha,BHATINDA,159775982.39,"Jun 4, 2024 12:00:00 AM","Jun 3, 2029 11:59:59 PM",,159837126.4,Punjab,BHATINDA,Smt Harsimrat Kaur Badal,,
Uttar Pradesh,2,18th Lok Sabha,480.0,Smt Hema Malini,Lok Sabha,MATHURA,147000000.0,"Jun 4, 2024 12:00:00 AM","Jun 3, 2029 11:59:59 PM",,147056254.82,Uttar Pradesh,MATHURA,Smt Hema Malini,,
Madhya Pradesh,2,18th Lok Sabha,481.0,Smt Himadri Singh,Lok Sabha,SHAHDOL (ST),150724861.11,"Jun 4, 2024 12:00:00 AM","Jun 3, 2029 11:59:59 PM",,150782541.38,Madhya Pradesh,SHAHDOL (ST),Smt Himadri Singh,,
Gujarat,2,18th Lok Sabha,482.0,Smt Poonamben Hematbhai Maadam,Lok Sabha,JAMNAGAR,147000000.0,"Jun 4, 2024 12:00:00 AM","Jun 3, 2029 11:59:59 PM",,147056254.82,Gujarat,JAMNAGAR,Smt Poonamben Hematbhai Maadam,,
Maharashtra,2,18th Lok Sabha,483.0,Smt Raksha Nikhil Khadse,Lok Sabha,RAVER,153112586.11,"Jun 4, 2024 12:00:00 AM","Jun 3, 2029 11:59:59 PM",,153171180.13,Maharashtra,RAVER,Smt Raksha Nikhil Khadse,,
Tamil Nadu,2,18th Lok Sabha,484.0,Smt S Jothimani,Lok Sabha,KARUR,147000000.0,"Jun 4, 2024 12:00:00 AM","Jun 3, 2029 11:59:59 PM",,147056254.82,Tamil Nadu,KARUR,Smt S Jothimani,,
West Bengal,2,18th Lok Sabha,485.0,Smt Sajda Ahmed,Lok Sabha,ULUBERIA,147000000.0,"Jun 4, 2024 12:00:00 AM","Jun 3, 2029 11:59:59 PM",,147056254.82,West Bengal,ULUBERIA,Smt Sajda Ahmed,,
Madhya Pradesh,2,18th Lok Sabha,486.0,Smt Sandhya Ray,Lok Sabha,BHIND(SC),147000000.0,"Jun 4, 2024 12:00:00 AM","Jun 3, 2029 11:59:59 PM",,147056254.82,Madhya Pradesh,BHIND(SC),Smt Sandhya Ray,,
Odisha,2,18th Lok Sabha,487.0,Smt Sangeeta Kumari Singh Deo,Lok Sabha,BOLANGIR,147000000.0,"Jun 4, 2024 12:00:00 AM","Jun 3, 2029 11:59:59 PM",,147056254.82,Odisha,BOLANGIR,Smt Sangeeta Kumari Singh Deo,,
West Bengal,2,18th Lok Sabha,488.0,Smt Satabdi Roy (Banerjee),Lok Sabha,BIRBHUM,147000000.0,"Jun 4, 2024 12:00:00 AM","Jun 3, 2029 11:59:59 PM",,147056254.82,West Bengal,BIRBHUM,Smt Satabdi Roy (Banerjee),,
Maharashtra,2,18th Lok Sabha,489.0,Smt Supriya Sadanand Sule,Lok Sabha,BARAMATI,147000000.0,"Jun 4, 2024 12:00:00 AM","Jun 3, 2029 11:59:59 PM",,147056254.82,Maharashtra,BARAMATI,Smt Supriya Sadanand Sule,,
Bihar,2,18th Lok Sabha,490.0,Smt Veena Devi ,Lok Sabha,VAISHALI,147000000.0,"Jun 4, 2024 12:00:00 AM","Jun 3, 2029 11:59:59 PM",,147056254.82,Bihar,VAISHALI,Smt Veena Devi ,,
Andhra Pradesh,2,18th Lok Sabha,491.0,Sribharat MathuKumli,Lok Sabha,VISAKHAPATNAM,164841922.0,"Jun 4, 2024 12:00:00 AM","Jun 3, 2029 11:59:59 PM",,164905004.67,Andhra Pradesh,VISAKHAPATNAM,Sribharat MathuKumli,,
Bihar,2,18th Lok Sabha,492.0,SUDAMA PRASAD,Lok Sabha,ARRAH,147000000.0,"Jun 4, 2024 12:00:00 AM","Jun 3, 2029 11:59:59 PM",,147056254.82,Bihar,ARRAH,SUDAMA PRASAD,,
Tamil Nadu,2,18th Lok Sabha,493.0,SUDHA R,Lok Sabha,MAYILADUTHURAI,147332315.11,"Jun 4, 2024 12:00:00 AM","Jun 3, 2029 12:00:00 AM",,147388697.1,Tamil Nadu,MAYILADUTHURAI,SUDHA R,,
Bihar,2,18th Lok Sabha,494.0,SUDHAKAR SINGH,Lok Sabha,BUXAR,185211956.54,"Jun 4, 2024 12:00:00 AM","Jun 3, 2029 11:59:59 PM",,185282834.54,Bihar,BUXAR,SUDHAKAR SINGH,,
West Bengal,2,18th Lok Sabha,495.0,Sudip Bandyopadhyay,Lok Sabha,KOLKATA UTTAR,147000000.0,"Jun 4, 2024 12:00:00 AM","Jun 3, 2029 11:59:59 PM",,147056254.82,West Bengal,KOLKATA UTTAR,Sudip Bandyopadhyay,,
Odisha,2,18th Lok Sabha,496.0,SUKANTA KUMAR PANIGRAHI,Lok Sabha,KANDHAMAL,190712424.11,"Jun 4, 2024 12:00:00 AM","Jun 3, 2029 11:59:59 PM",,190785407.06,Odisha,KANDHAMAL,SUKANTA KUMAR PANIGRAHI,,
Jharkhand,2,18th Lok Sabha,497.0,SUKHDEO BHAGAT,Lok Sabha,LOHARDAGA(ST),171821957.11,"Jun 4, 2024 12:00:00 AM","Jun 3, 2029 11:59:59 PM",,171887710.94,Jharkhand,LOHARDAGA(ST),SUKHDEO BHAGAT,,
Punjab,2,18th Lok Sabha,498.0,SUKHJINDER SINGH RANDHAWA,Lok Sabha,GURDASPUR,147000000.0,"Jun 4, 2024 12:00:00 AM","Jun 3, 2029 11:59:59 PM",,147056254.82,Punjab,GURDASPUR,SUKHJINDER SINGH RANDHAWA,,
Karnataka,2,18th Lok Sabha,499.0,SUNIL BOSE,Lok Sabha,CHAMARAJANAGAR(SC),147000000.0,"Jun 4, 2024 12:00:00 AM","Jun 3, 2029 11:59:59 PM",,147056254.82,Karnataka,CHAMARAJANAGAR(SC),SUNIL BOSE,,
Maharashtra,2,18th Lok Sabha,500.0,Sunil Dattatray Tatkare,Lok Sabha,RAIGAD,147000000.0,"Jun 4, 2024 12:00:00 AM","Jun 3, 2029 11:59:59 PM",,147056254.82,Maharashtra,RAIGAD,Sunil Dattatray Tatkare,,
Bihar,2,18th Lok Sabha,501.0,Sunil Kumar ,Lok Sabha,VALMIKI NAGAR,147000000.0,"Jun 4, 2024 12:00:00 AM","Jun 3, 2029 11:59:59 PM",,147056254.82,Bihar,VALMIKI NAGAR,Sunil Kumar ,,
Bihar,2,18th Lok Sabha,502.0,SURENDRA PRASAD YADAV,Lok Sabha,JAHANABAD,155325714.0,"Jun 4, 2024 12:00:00 AM","Jun 3, 2029 11:59:59 PM",,155385154.95,Bihar,JAHANABAD,SURENDRA PRASAD YADAV,,
Kerala,2,18th Lok Sabha,503.0,SURESH GOPI,Lok Sabha,THRISSUR,147000000.0,"Jun 4, 2024 12:00:00 AM","Jun 3, 2029 11:59:59 PM",,147056254.82,Kerala,THRISSUR,SURESH GOPI,,
Himachal Pradesh,2,18th Lok Sabha,504.0,Suresh Kumar Kashyap,Lok Sabha,SHIMLA (SC),153563957.11,"Jun 4, 2024 12:00:00 AM","Jun 3, 2029 11:59:59 PM",,153622723.86,Himachal Pradesh,SHIMLA (SC),Suresh Kumar Kashyap,,
Telangana,2,18th Lok Sabha,505.0,SURESH KUMAR SHETKAR,Lok Sabha,ZAHIRABAD,147000000.0,"Jun 4, 2024 12:00:00 AM","Jun 3, 2029 11:59:59 PM",,147056254.82,Telangana,ZAHIRABAD,SURESH KUMAR SHETKAR,,
Uttar Pradesh,2,18th Lok Sabha,506.0,Swami Sachchidanandhari Sakshi ji Maharaj ,Lok Sabha,UNNAO,147000000.0,"Jun 4, 2024 12:00:00 AM","Jun 3, 2029 11:59:59 PM",,147056254.82,Uttar Pradesh,UNNAO,Swami Sachchidanandhari Sakshi ji Maharaj ,,
Tamil Nadu,2,18th Lok Sabha,507.0,T Sumathy (A) Thamizhachi Thangapandian ,Lok Sabha,CHENNAI SOUTH,147000000.0,"Jun 4, 2024 12:00:00 AM","Jun 3, 2029 11:59:59 PM",,147056254.82,Tamil Nadu,CHENNAI SOUTH,T Sumathy (A) Thamizhachi Thangapandian ,,
Andhra Pradesh,2,18th Lok Sabha,508.0,TANGELLA UDAY SRINIVAS,Lok Sabha,KAKINADA,199417886.76,"Jun 4, 2024 12:00:00 AM","Jun 3, 2029 11:59:59 PM",,199494201.16,Andhra Pradesh,KAKINADA,TANGELLA UDAY SRINIVAS,,
Uttar Pradesh,2,18th Lok Sabha,509.0,TANUJ PUNIA,Lok Sabha,BARABANKI(SC),148198170.11,"Jun 4, 2024 12:00:00 AM","Jun 3, 2029 11:59:59 PM",,148254883.45,Uttar Pradesh,BARABANKI(SC),TANUJ PUNIA,,
Bihar,2,18th Lok Sabha,510.0,TARIQ ANWAR,Lok Sabha,KATIHAR,147000000.0,"Jun 4, 2024 12:00:00 AM","Jun 3, 2029 11:59:59 PM",,147056254.82,Bihar,KATIHAR,TARIQ ANWAR,,
Tamil Nadu,2,18th Lok Sabha,511.0,Thalikkottai Rajuthevar Baalu,Lok Sabha,SRIPERUMBUDUR,196905535.11,"Jun 4, 2024 12:00:00 AM","Jun 3, 2029 11:59:59 PM",,196980888.07,Tamil Nadu,SRIPERUMBUDUR,Thalikkottai Rajuthevar Baalu,,
Tamil Nadu,2,18th Lok Sabha,512.0,THANGA TAMILSELVAN,Lok Sabha,THENI,167755939.81,"Jun 4, 2024 12:00:00 AM","Jun 3, 2029 11:59:59 PM",,167820137.63,Tamil Nadu,THENI,THANGA TAMILSELVAN,,
Tamil Nadu,2,18th Lok Sabha,513.0,THARANIVENTHAN M S,Lok Sabha,ARANI,168337124.35,"Jun 4, 2024 12:00:00 AM","Jun 3, 2029 11:59:59 PM",,168401544.59,Tamil Nadu,ARANI,THARANIVENTHAN M S,,
Tamil Nadu,2,18th Lok Sabha,514.0,Thiru Dayanidhi Maran,Lok Sabha,CHENNAI CENTRAL,147000000.0,"Jun 4, 2024 12:00:00 AM","Jun 3, 2029 11:59:59 PM",,147056254.82,Tamil Nadu,CHENNAI CENTRAL,Thiru Dayanidhi Maran,,
Tamil Nadu,2,18th Lok Sabha,515.0,Thirumaa Valavan Thol,Lok Sabha,CHIDAMBARAM(SC),147000000.0,"Jun 4, 2024 12:00:00 AM","Jun 3, 2029 11:59:59 PM",,147056254.82,Tamil Nadu,CHIDAMBARAM(SC),Thirumaa Valavan Thol,,
Chhattisgarh,2,18th Lok Sabha,516.0,TOKHAN SAHU,Lok Sabha,BILASPUR,147000000.0,"Jun 4, 2024 12:00:00 AM","Jun 3, 2029 11:59:59 PM",,147056254.82,Chhattisgarh,BILASPUR,TOKHAN SAHU,,
Uttarakhand,2,18th Lok Sabha,517.0,TRIVENDRA SINGH RAWAT,Lok Sabha,HARDWAR,147000000.0,"Jun 4, 2024 12:00:00 AM","Jun 3, 2029 11:59:59 PM",,147056254.82,Uttarakhand,HARDWAR,TRIVENDRA SINGH RAWAT,,
Uttar Pradesh,2,18th Lok Sabha,518.0,UJJWAL RAMAN SINGH,Lok Sabha,ALLAHABAD,147000000.0,"Jun 4, 2024 12:00:00 AM","Jun 3, 2029 11:59:59 PM",,147056254.82,Uttar Pradesh,ALLAHABAD,UJJWAL RAMAN SINGH,,
Rajasthan,2,18th Lok Sabha,519.0,UMMEDA RAM BENIWAL,Lok Sabha,BARMER,147000000.0,"Jun 4, 2024 12:00:00 AM","Jun 3, 2029 11:59:59 PM",,147056254.82,Rajasthan,BARMER,UMMEDA RAM BENIWAL,,
Uttar Pradesh,2,18th Lok Sabha,520.0,UTKARSH VERMA MADHUR,Lok Sabha,KHERI,147000000.0,"Jun 4, 2024 12:00:00 AM","Jun 3, 2029 11:59:59 PM",,147056254.82,Uttar Pradesh,KHERI,UTKARSH VERMA MADHUR,,
Tamil Nadu,2,18th Lok Sabha,521.0,V S Matheswaran,Lok Sabha,NAMAKKAL,162539930.11,"Jun 4, 2024 12:00:00 AM","Jun 3, 2029 11:59:59 PM",,162602131.84,Tamil Nadu,NAMAKKAL,V S Matheswaran,,
Karnataka,2,18th Lok Sabha,522.0,V. SOMANNA,Lok Sabha,TUMKUR,147000000.0,"Jun 4, 2024 12:00:00 AM","Jun 3, 2029 11:59:59 PM",,147056254.82,Karnataka,TUMKUR,V. SOMANNA,,
Puducherry,2,18th Lok Sabha,523.0,Vaithilingam Ve,Lok Sabha,Puducherry,209368972.11,"Jun 4, 2024 12:00:00 AM","Jun 3, 2029 11:59:59 PM",,209449094.65,Puducherry,Puducherry,Vaithilingam Ve,,
Telangana,2,18th Lok Sabha,524.0,VAMSI KRISHNA GADDAM,Lok Sabha,PEDDAPALLE,148451721.11,"Jun 4, 2024 12:00:00 AM","Jun 3, 2029 11:59:59 PM",,148508531.48,Telangana,PEDDAPALLE,VAMSI KRISHNA GADDAM,,
Haryana,2,18th Lok Sabha,525.0,VARUN CHAUDHRY,Lok Sabha,AMBALA (SC),255454264.0,"Jun 4, 2024 12:00:00 AM","Jun 3, 2029 11:59:59 PM",,255552022.73,Haryana,AMBALA (SC),VARUN CHAUDHRY,,
Kerala,2,18th Lok Sabha,526.0,Vellalath Kochukrishnan Nair Sreekandan,Lok Sabha,PALAKKAD,167807990.11,"Jun 4, 2024 12:00:00 AM","Jun 3, 2029 11:59:59 PM",,167872207.85,Kerala,PALAKKAD,Vellalath Kochukrishnan Nair Sreekandan,,
Chhattisgarh,2,18th Lok Sabha,527.0,Vijay Baghel,Lok Sabha,DURG,147000000.0,"Jun 4, 2024 12:00:00 AM","Jun 3, 2029 11:59:59 PM",,147056254.82,Chhattisgarh,DURG,Vijay Baghel,,
Uttar Pradesh,2,18th Lok Sabha,528.0,Vijay Kumar Dubey,Lok Sabha,KUSHI NAGAR,148900000.0,"Jun 4, 2024 12:00:00 AM","Jun 3, 2029 11:59:59 PM",,148956981.92,Uttar Pradesh,KUSHI NAGAR,Vijay Kumar Dubey,,
Jharkhand,2,18th Lok Sabha,529.0,Vijay Kumar Hansdak,Lok Sabha,RAJMAHAL(ST),147223957.11,"Jun 4, 2024 12:00:00 AM","Jun 3, 2029 11:59:59 PM",,147280297.64,Jharkhand,RAJMAHAL(ST),Vijay Kumar Hansdak,,
Bihar,2,18th Lok Sabha,530.0,VIJAYLAKSHMI DEVI,Lok Sabha,SIWAN,147000000.0,"Jun 4, 2024 12:00:00 AM","Jun 3, 2029 11:59:59 PM",,147056254.82,Bihar,SIWAN,VIJAYLAKSHMI DEVI,,
Gujarat,2,18th Lok Sabha,531.0,Vinod Chavda,Lok Sabha,KACHCHH(SC),147000000.0,"Jun 4, 2024 12:00:00 AM","Jun 3, 2029 11:59:59 PM",,147056254.82,Gujarat,KACHCHH(SC),Vinod Chavda,,
Uttar Pradesh,2,18th Lok Sabha,532.0,VINOD KUMAR BIND,Lok Sabha,BHADOHI,147000000.0,"Jun 4, 2024 12:00:00 AM","Jun 3, 2029 11:59:59 PM",,147056254.82,Uttar Pradesh,BHADOHI,VINOD KUMAR BIND,,
Madhya Pradesh,2,18th Lok Sabha,533.0,Virendra Kumar,Lok Sabha,TIKAMGARH(SC),147000000.0,"Jun 4, 2024 12:00:00 AM","Jun 3, 2029 11:59:59 PM",,147056254.82,Madhya Pradesh,TIKAMGARH(SC),Virendra Kumar,,
Uttar Pradesh,2,18th Lok Sabha,534.0,VIRENDRA SINGH,Lok Sabha,CHANDAULI,147000000.0,"Jun 4, 2024 12:00:00 AM","Jun 3, 2029 11:59:59 PM",,147056254.82,Uttar Pradesh,CHANDAULI,VIRENDRA SINGH,,
Maharashtra,2,18th Lok Sabha,535.0,VISHAL,Lok Sabha,SANGLI,147000000.0,"Jun 4, 2024 12:00:00 AM","Jun 3, 2029 11:59:59 PM",,147056254.82,Maharashtra,SANGLI,VISHAL,,
Jharkhand,2,18th Lok Sabha,536.0,Vishnu Dayal Ram,Lok Sabha,PALAMU(SC),158176083.11,"Jun 4, 2024 12:00:00 AM","Jun 3, 2029 11:59:59 PM",,158236614.86,Jharkhand,PALAMU(SC),Vishnu Dayal Ram,,
Madhya Pradesh,2,18th Lok Sabha,537.0,Vishnu Dutt Sharma,Lok Sabha,KHAJURAHO,147000000.0,"Jun 4, 2024 12:00:00 AM","Jun 3, 2029 11:59:59 PM",,147056254.82,Madhya Pradesh,KHAJURAHO,Vishnu Dutt Sharma,,
Karnataka,2,18th Lok Sabha,538.0,VISHWESHWAR HEGDE KAGERI,Lok Sabha,UTTARA KANNADA,147000000.0,"Jun 4, 2024 12:00:00 AM","Jun 3, 2029 11:59:59 PM",,147056254.82,Karnataka,UTTARA KANNADA,VISHWESHWAR HEGDE KAGERI,,
Bihar,2,18th Lok Sabha,539.0,VIVEK THAKUR,Lok Sabha,NAWADA,147000000.0,"Jun 4, 2024 12:00:00 AM","Jun 3, 2029 12:00:00 AM",,147056254.82,Bihar,NAWADA,VIVEK THAKUR,,
Andhra Pradesh,2,18th Lok Sabha,540.0,Y S Avinash Reddy,Lok Sabha,KADAPA,156430260.11,"Jun 4, 2024 12:00:00 AM","Jun 3, 2029 11:59:59 PM",,156490123.76,Andhra Pradesh,KADAPA,Y S Avinash Reddy,,
Karnataka,2,18th Lok Sabha,541.0,YADUVEER KRISHNADATTA CHAMARAJA WADIYAR,Lok Sabha,MYSORE,147000000.0,"Jun 4, 2024 12:00:00 AM","Jun 4, 2029 11:59:59 PM",,147056254.82,Karnataka,MYSORE,YADUVEER KRISHNADATTA CHAMARAJA WADIYAR,,
Delhi,2,18th Lok Sabha,542.0,Yogendra Chandoliya,Lok Sabha,NORTH WEST DELHI(SC),147876307.0,"Jun 4, 2024 12:00:00 AM","Jun 3, 2029 11:59:59 PM",,147932897.17,Delhi,NORTH WEST DELHI(SC),Yogendra Chandoliya,,
Uttar Pradesh,2,18th Lok Sabha,543.0,ZIA UR REHMAN,Lok Sabha,SAMBHAL,147000000.0,"Jun 4, 2024 12:00:00 AM","Jun 3, 2029 11:59:59 PM",,147056254.82,Uttar Pradesh,SAMBHAL,ZIA UR REHMAN,,
,,,,,,,,,,83386789055.67004,,,,,,
